date,btc,bnb,eth,xrp
2018-01-01,13380,8.45,754.99,NA
2018-01-02,14675.11,8.715,855.28,NA
2018-01-03,14919.51,9.304,934.03,NA
2018-01-04,15059.54,9.143,940,NA
2018-01-05,16960.39,14.8908,959.3,NA
2018-01-06,17069.79,22.6,1004.11,NA
2018-01-07,16150.03,18.594,1123.09,NA
2018-01-08,14902.54,17.9971,1133.18,NA
2018-01-09,14400,17.399,1291,NA
2018-01-10,14907.09,17.5,1247,NA
2018-01-11,13238.78,21.2024,1138.93,NA
2018-01-12,13740.01,22.1999,1253.87,NA
2018-01-13,14210,22.0246,1388.02,NA
2018-01-14,13474.99,20.4541,1347,NA
2018-01-15,13539.93,19.3396,1271,NA
2018-01-16,10900,13.1996,1000,NA
2018-01-17,10988.79,14.1998,1000,NA
2018-01-18,10961.97,14.1397,994,NA
2018-01-19,11474.98,14.9447,1032.5,NA
2018-01-20,12799.94,16.1712,1152.75,NA
2018-01-21,11530,14.1334,1049,NA
2018-01-22,10760.05,12.91,993,NA
2018-01-23,10799.18,13.1022,980,NA
2018-01-24,11349.99,13.8,1061,NA
2018-01-25,11175.27,13.1905,1056.52,NA
2018-01-26,11089,13.1344,1051.03,NA
2018-01-27,11491,13.3994,1118.99,NA
2018-01-28,11879.95,13.7739,1251.96,NA
2018-01-29,11251,12.815,1177.01,NA
2018-01-30,10237.51,11.4749,1085.5,NA
2018-01-31,10285.1,11.3131,1124.81,NA
2018-02-01,9224.52,9.5138,1041.94,NA
2018-02-02,8873.03,9.7484,922.3,NA
2018-02-03,9199.96,9.7252,971,NA
2018-02-04,8184.81,8.3511,823.56,NA
2018-02-05,6939.99,6.7315,697.92,NA
2018-02-06,7652.14,8.263,779.25,NA
2018-02-07,7599,8.0647,754,NA
2018-02-08,7784.02,8.2791,781.66,NA
2018-02-09,8683.92,9.86,877,NA
2018-02-10,8533.98,9.2448,851.15,NA
2018-02-11,8063.88,8.674,808.99,NA
2018-02-12,8903,9.3389,866.66,NA
2018-02-13,8539.9,9.016,841.57,NA
2018-02-14,9449.99,10.4096,919.09,NA
2018-02-15,10000.09,10.8661,924.55,NA
2018-02-16,10159.98,11.25,938.67,NA
2018-02-17,11039.55,11.66,969.99,NA
2018-02-18,10383.43,10.6631,911,NA
2018-02-19,11153,11.0601,938.11,NA
2018-02-20,11200.99,9.8888,882.99,NA
2018-02-21,10437.6,9.3799,835.89,NA
2018-02-21,10437.6,9.3799,835.89,NA
2018-02-21,10437.6,9.3799,835.89,NA
2018-02-21,10437.6,9.3799,835.89,NA
2018-02-21,10437.6,9.3799,835.89,NA
2018-02-21,10437.6,9.3799,835.89,NA
2018-02-21,10437.6,9.3799,835.89,NA
2018-02-21,10437.6,9.3799,835.89,NA
2018-02-22,9811.04,8.86,801.49,NA
2018-02-23,10131.04,9.693,851.6,NA
2018-02-24,9694.51,9.0873,833.94,NA
2018-02-25,9590,9.35,841.19,NA
2018-02-26,10324,9.9199,867.98,NA
2018-02-27,10569.04,10.56,870.11,NA
2018-02-28,10326.76,10.4536,853.5,NA
2018-03-01,10920,10.4768,870.63,NA
2018-03-02,11039,10.2348,856.28,NA
2018-03-03,11464.48,10.2399,856.02,NA
2018-03-04,11515,10.4139,866.66,NA
2018-03-05,11454,10.0847,849.84,NA
2018-03-06,10716.48,9.3899,813.11,NA
2018-03-07,9910,9.0405,749.9,NA
2018-03-08,9271.64,8.2703,695.46,NA
2018-03-09,9227,8.2807,723.71,NA
2018-03-10,8770.22,7.65,680.58,NA
2018-03-11,9533.57,8.268,720.85,NA
2018-03-12,9131.34,8.034,697.11,NA
2018-03-13,9150,10.2188,689.94,NA
2018-03-14,8170,8.9243,610.1,NA
2018-03-15,8240.98,9.1047,608.83,NA
2018-03-16,8260,9.0645,599.05,NA
2018-03-17,7824.8,8.9231,546.95,NA
2018-03-18,8189.99,8.9648,537,NA
2018-03-19,8600,9.035,556.88,NA
2018-03-20,8909.98,9.1618,557,NA
2018-03-21,8885,9.9777,559.17,NA
2018-03-22,8722.9,10.0806,539.92,NA
2018-03-23,8898.03,11.7397,543.03,NA
2018-03-24,8546.86,13.2398,520.22,NA
2018-03-25,8470.15,12.95,523.74,NA
2018-03-26,8134.23,12.05,485,NA
2018-03-27,7795.51,11.5404,448.5,NA
2018-03-28,7949.3,11.6888,446.67,NA
2018-03-29,7090.14,10.1877,384,NA
2018-03-30,6840.23,10.3955,392.43,NA
2018-03-31,6923.91,11.051,393.92,NA
2018-04-01,6813.01,11.0767,378.58,NA
2018-04-02,7056,12.5996,385.05,NA
2018-04-03,7405.21,13.305,415.01,NA
2018-04-04,6796.1,12.21,378.16,NA
2018-04-05,6770.76,12.4888,381.22,NA
2018-04-06,6601.39,12.2599,368.89,NA
2018-04-07,6895.8,12.5,384.51,NA
2018-04-08,7018,12.1311,400.4,NA
2018-04-09,6782.72,11.8888,399.44,NA
2018-04-10,6843.9,12.0904,416.07,NA
2018-04-11,6953.79,12.33,429.52,NA
2018-04-12,7923,13.0087,495.67,NA
2018-04-13,7877.41,13.52,495.11,NA
2018-04-14,7999.01,13.2888,502.68,NA
2018-04-15,8355,13.0989,533.88,NA
2018-04-16,8064.92,12.2342,511.46,NA
2018-04-17,7885.02,11.777,502.56,NA
2018-04-18,8173,12.2999,526.09,NA
2018-04-19,8278,12.361,568.14,NA
2018-04-20,8856.98,12.5858,617.09,NA
2018-04-21,8915.31,13.3302,604.87,NA
2018-04-22,8787.02,12.8888,620.92,NA
2018-04-23,8934.01,13.645,645.09,NA
2018-04-24,9619.99,15.0895,701.58,NA
2018-04-25,8869.99,13.3999,618,NA
2018-04-26,9266,14.63,661.51,NA
2018-04-27,8915.35,14.2396,643.46,NA
2018-04-28,9348,15.2011,682.86,NA
2018-04-29,9419,15.0489,690.85,NA
2018-04-30,9246.01,14.3291,670.78,NA
2018-05-01,9071.48,14.1711,672,NA
2018-05-02,9247.84,14.439,688.56,NA
2018-05-03,9750,14.6999,779,NA
2018-05-04,9713.99,14.3622,785.99,NA
2018-05-05,9864,14.4468,819.5,NA
2018-05-06,9659.01,14.012,794.3,NA
2018-05-07,9365,13.71,752.49,NA
2018-05-08,9187.56,13.4981,748.99,NA
2018-05-09,9310,14.6417,751.75,NA
2018-05-10,9002.2,13.7957,722.52,NA
2018-05-11,8400,12.9884,676.96,NA
2018-05-12,8465.94,12.9319,684.11,NA
2018-05-13,8679.71,13.1515,729.08,NA
2018-05-14,8663.34,12.8388,727.49,NA
2018-05-15,8462,12.5389,704.91,NA
2018-05-16,8330,12.2901,706.29,NA
2018-05-17,8041.46,12.3777,667.62,NA
2018-05-18,8239.81,15.1363,692.6,NA
2018-05-19,8233.49,14.33,697,NA
2018-05-20,8526.98,14.1666,716.16,NA
2018-05-21,8381.24,14.6996,696.7,NA
2018-05-22,7977.11,13.888,640.99,NA
2018-05-23,7501.95,12.4998,577.19,NA
2018-05-24,7575.01,13.0288,602.18,NA
2018-05-25,7457,13.0129,585.55,NA
2018-05-26,7333.96,12.7888,586,NA
2018-05-27,7338.99,12.6046,570.4,NA
2018-05-28,7099,11.9179,511.5,NA
2018-05-29,7461.29,12.6073,567.36,NA
2018-05-30,7375.96,12.6199,557.19,NA
2018-05-31,7485.01,14.2,577.81,NA
2018-06-01,7521.01,14.2888,579,NA
2018-06-02,7640.03,14.6732,590.85,NA
2018-06-03,7714.26,14.6995,619.66,NA
2018-06-04,7487,14.2636,591.02,NA
2018-06-05,7625,15.6156,609.05,NA
2018-06-06,7658.84,17.275,607.4,NA
2018-06-07,7691.08,16.2791,605.16,NA
2018-06-08,7603.44,16.2292,598.68,NA
2018-06-09,7491.73,16.0188,592.87,NA
2018-06-10,6764.99,14.18,524.11,NA
2018-06-11,6872,15.47,531.69,NA
2018-06-12,6530,15.2263,493,NA
2018-06-13,6292.78,14.5888,475.47,NA
2018-06-14,6635.98,14.867,519.29,NA
2018-06-15,6388.9,14.9895,487.48,NA
2018-06-16,6483.98,15.7602,496.74,NA
2018-06-17,6449.61,16.5987,497.14,NA
2018-06-18,6712.46,16.8111,517.95,NA
2018-06-19,6741.21,16.7556,537.97,NA
2018-06-20,6761.51,16.0773,536.49,NA
2018-06-21,6718.84,17.0727,526.18,NA
2018-06-22,6045,15.56,462.09,NA
2018-06-23,6149.98,15.6398,473.41,NA
2018-06-24,6136.97,14.4174,454.41,NA
2018-06-25,6252,14.92,458.7,NA
2018-06-26,6070.78,14.0525,429.34,NA
2018-06-27,6133.73,14.0737,441.64,NA
2018-06-28,5853.98,14.206,420.22,NA
2018-06-29,6197.92,14.5399,434.77,NA
2018-06-30,6390.07,14.6851,454.09,NA
2018-07-01,6356.81,14.37,452.1,NA
2018-07-02,6615.29,14.5968,476.25,NA
2018-07-03,6513.86,14.1639,461.82,NA
2018-07-04,6586.98,14.0212,467.38,NA
2018-07-05,6529.2,13.76,467.87,NA
2018-07-06,6609.78,13.4366,470.47,NA
2018-07-07,6756.98,14.16,485.57,NA
2018-07-08,6712.1,14.01,486.77,NA
2018-07-09,6662.12,13.5348,471.71,NA
2018-07-10,6296.91,12.77,432.48,NA
2018-07-11,6378.07,12.697,444.99,NA
2018-07-12,6250.57,12.1318,431.14,NA
2018-07-13,6214.57,12.1803,432.46,NA
2018-07-14,6251.99,12.0595,433.19,NA
2018-07-15,6353.01,12.321,449.78,NA
2018-07-16,6723.35,13.3471,478.49,NA
2018-07-17,7317.44,13.7398,498.76,NA
2018-07-18,7381.9,12.8574,479.41,NA
2018-07-19,7466.21,12.955,468.57,NA
2018-07-20,7337.53,12.0798,449.04,NA
2018-07-21,7398.78,12.1959,460.23,NA
2018-07-22,7394.79,12.1885,457.47,NA
2018-07-23,7721.01,12.0348,450.05,NA
2018-07-24,8397.24,12.1469,479.28,NA
2018-07-25,8175.64,13.0048,472.1,NA
2018-07-26,7920,13.3283,462.64,NA
2018-07-27,8188.57,13.9919,470.09,NA
2018-07-28,8225.04,14.669,469.29,NA
2018-07-29,8211,13.9569,466.4,NA
2018-07-30,8173.92,13.1666,456.23,NA
2018-07-31,7730.93,13.8369,432.22,NA
2018-08-01,7604.58,13.6666,420.41,NA
2018-08-02,7525.71,14.15,410.62,NA
2018-08-03,7418.78,14.1251,417.52,NA
2018-08-04,7009.84,13.8663,407.21,NA
2018-08-05,7024.19,13.64,408.79,NA
2018-08-06,6934.82,13.6998,405.28,NA
2018-08-07,6720.06,13.1488,378.21,NA
2018-08-08,6285,12.1489,355.48,NA
2018-08-09,6529.79,12.7654,363.3,NA
2018-08-10,6144.01,12.1472,331.81,NA
2018-08-11,6232.35,11.6972,317.69,NA
2018-08-12,6308.33,11.7999,317.89,NA
2018-08-13,6246.35,10.2576,283.81,NA
2018-08-14,6188.08,9.3999,278.41,NA
2018-08-15,6267.16,9.5049,281.12,NA
2018-08-16,6311.75,9.7888,287.17,NA
2018-08-17,6584.49,10.88,317.51,NA
2018-08-18,6387.96,9.8807,294.11,NA
2018-08-19,6477.53,10.1388,299.42,NA
2018-08-20,6254.84,9.6377,270.51,NA
2018-08-21,6480,9.7399,281.21,NA
2018-08-22,6360.89,9.5888,270.8,NA
2018-08-23,6525.01,9.7587,275.99,NA
2018-08-24,6681.64,10.2038,281.19,NA
2018-08-25,6733.64,10.1058,277.55,NA
2018-08-26,6700,10.2158,274.29,NA
2018-08-27,6908.64,11.1888,287.71,NA
2018-08-28,7076.11,11.5188,295.44,NA
2018-08-29,7031.22,11.1888,288.4,NA
2018-08-30,6984.84,10.7899,283.89,NA
2018-08-31,7011.21,10.9899,281.41,NA
2018-09-01,7200.01,11.48,295.71,NA
2018-09-02,7302.01,11.3684,295.41,NA
2018-09-03,7263.02,11.3294,289.09,NA
2018-09-04,7359.06,11.4217,285.3,NA
2018-09-05,6700,9.9664,228.53,NA
2018-09-06,6516.01,10.2888,229.7,NA
2018-09-07,6395.54,9.9401,215.22,NA
2018-09-08,6185.05,9.5224,196.71,NA
2018-09-09,6250.81,9.5399,195.81,NA
2018-09-10,6312,9.508,197.15,NA
2018-09-11,6294.91,9.3688,185.18,NA
2018-09-12,6338.62,9.2081,183.12,NA
2018-09-13,6487.38,9.5911,210.68,NA
2018-09-14,6476.63,9.9268,208.82,NA
2018-09-15,6514.96,10.0999,221.29,NA
2018-09-16,6505,9.9399,220.17,NA
2018-09-17,6248.69,9.3626,196.16,NA
2018-09-18,6336.45,9.5599,208.17,NA
2018-09-19,6391.89,9.6399,209.79,NA
2018-09-20,6492,10.0388,224,NA
2018-09-21,6759.02,10.48,247.73,NA
2018-09-22,6723.05,10.2911,241.01,NA
2018-09-23,6708,10.2907,244.5,NA
2018-09-24,6581.39,10.0588,228.06,NA
2018-09-25,6447.54,9.8745,219.62,NA
2018-09-26,6465.12,9.712,214.42,NA
2018-09-27,6689.13,10.0599,229.13,NA
2018-09-28,6634.58,9.9911,221.84,NA
2018-09-29,6596.38,10.0118,231.62,NA
2018-09-30,6626.57,10.0172,232.94,NA
2018-10-01,6611.61,9.9811,231.61,NA
2018-10-02,6525.79,10.3711,225.69,NA
2018-10-03,6510,10.3136,220.77,NA
2018-10-04,6593.79,10.2982,222.66,NA
2018-10-05,6635.65,10.6756,228.37,NA
2018-10-06,6594.27,10.4289,225.4,NA
2018-10-07,6615.26,10.5852,226.14,NA
2018-10-08,6673.01,10.5911,230.01,NA
2018-10-09,6656.61,10.4113,228.4,NA
2018-10-10,6631,10.3614,226.74,NA
2018-10-11,6252.68,9.3599,191.58,NA
2018-10-12,6298.01,9.5551,196.96,NA
2018-10-13,6332.93,9.681,201.3,NA
2018-10-14,6339.34,9.5895,197.01,NA
2018-10-15,6752.5,10.5655,214.39,NA
2018-10-16,6759.27,10.2771,215.09,NA
2018-10-17,6740.89,10.2338,212.85,NA
2018-10-18,6618.96,9.922,206.24,NA
2018-10-19,6528.88,9.9001,205,NA
2018-10-20,6588.4,9.9365,207.91,NA
2018-10-21,6590.11,9.9311,207.49,NA
2018-10-22,6581.2,9.8932,206.67,NA
2018-10-23,6553.51,9.9298,205.85,NA
2018-10-24,6565.5,9.8837,205.35,NA
2018-10-25,6528.09,9.8056,203.93,NA
2018-10-26,6538.63,9.8296,204.92,NA
2018-10-27,6505.6,9.7331,204.45,NA
2018-10-28,6489.93,9.7207,204.99,NA
2018-10-29,6344.5,9.445,196.96,NA
2018-10-30,6330.87,9.4521,197.27,NA
2018-10-31,6371.93,9.4807,198.73,NA
2018-11-01,6410,9.6192,199.96,NA
2018-11-02,6433.98,9.6421,202.35,NA
2018-11-03,6387.09,9.5889,200.31,NA
2018-11-04,6485.85,9.819,212.11,NA
2018-11-05,6468.99,9.7333,210.66,NA
2018-11-06,6519.11,9.881,220.74,NA
2018-11-07,6578.46,9.897,219.07,NA
2018-11-08,6479.84,9.686,212.79,NA
2018-11-09,6419.99,9.6141,210.77,NA
2018-11-10,6433.05,9.5898,213.25,NA
2018-11-11,6449.81,9.5611,212.54,NA
2018-11-12,6453.07,9.4862,212.89,NA
2018-11-13,6457.66,9.3936,209.84,NA
2018-11-14,5922.41,8.6811,187.43,NA
2018-11-15,5753.4,8.3793,184.35,NA
2018-11-16,5655.94,8.01,176.89,NA
2018-11-17,5628.29,7.8494,176.2,NA
2018-11-18,5662,8.0832,178.97,NA
2018-11-19,4910.03,6.6844,150.81,NA
2018-11-20,4558.86,5.92,133.82,NA
2018-11-21,4661.07,6.2894,138.23,NA
2018-11-22,4370,5.77,126.63,NA
2018-11-23,4420.61,5.6611,125.02,NA
2018-11-24,3932.44,5.193,114.89,NA
2018-11-25,4085.78,5.2873,118.67,NA
2018-11-26,3862.2,5.0631,110.68,NA
2018-11-27,3875.21,4.984,111.43,NA
2018-11-28,4264.85,5.3499,122.9,NA
2018-11-29,4295.84,5.3805,117.98,NA
2018-11-30,4041.32,5.115,113.73,NA
2018-12-01,4190.02,5.2899,118.1,NA
2018-12-02,4161.01,5.2888,116.57,NA
2018-12-03,3884.01,5.1266,108.76,NA
2018-12-04,3951.64,5.902,109.94,NA
2018-12-05,3769.84,6.0727,102.71,NA
2018-12-06,3508.75,4.9023,91,NA
2018-12-07,3403.55,4.516,93.05,NA
2018-12-08,3410.93,4.6361,90.38,NA
2018-12-09,3545.37,4.7693,93.26,NA
2018-12-10,3432.88,4.6276,89.91,NA
2018-12-11,3380.39,4.8973,87.76,NA
2018-12-12,3445,4.9815,89.41,NA
2018-12-13,3302.06,4.6384,86.34,NA
2018-12-14,3224.17,4.5211,83.82,NA
2018-12-15,3211.72,4.5531,83.76,NA
2018-12-16,3228.67,4.616,84.67,NA
2018-12-17,3509.08,5.065,94.02,NA
2018-12-18,3652.98,5.5308,100.39,NA
2018-12-19,3662.22,5.3633,98.74,NA
2018-12-20,4049.62,5.6766,114.05,NA
2018-12-21,3838.66,5.4766,107.69,NA
2018-12-22,3948.91,5.8398,115.2,NA
2018-12-23,3929.71,5.959,129.03,NA
2018-12-24,4008.01,6.0979,138.03,NA
2018-12-25,3745.79,5.45,127.6,NA
2018-12-26,3777.74,5.6029,129.35,NA
2018-12-27,3567.91,5.1791,113.8,NA
2018-12-28,3839.26,5.8811,135.3,NA
2018-12-29,3695.32,5.66,132.89,NA
2018-12-30,3801.91,5.8939,137.77,NA
2018-12-31,3702.9,6.1111,131.45,NA
2019-01-01,3797.14,5.991,139.1,NA
2019-01-02,3858.56,6.051,152.01,NA
2019-01-03,3766.78,5.7979,146.3,NA
2019-01-04,3792.01,5.9692,151.97,NA
2019-01-05,3770.96,5.9625,152.83,NA
2019-01-06,3987.6,6.2688,153.86,NA
2019-01-07,3975.45,6.2009,149.34,NA
2019-01-08,3955.13,6.5128,147.6,NA
2019-01-09,3966.65,6.5511,148.1,NA
2019-01-10,3585.88,5.8449,124.95,NA
2019-01-11,3601.31,5.9595,124.65,NA
2019-01-12,3583.13,5.8594,123.35,NA
2019-01-13,3476.81,5.4688,114.16,NA
2019-01-14,3626.09,6.0583,126.95,NA
2019-01-15,3553.06,5.8111,118.95,NA
2019-01-16,3591.84,6.0911,121.48,NA
2019-01-17,3616.21,6.3266,121.54,NA
2019-01-18,3594.87,6.4867,119.17,NA
2019-01-19,3665.3,6.5199,122.6,NA
2019-01-20,3539.28,6.4008,117.47,NA
2019-01-21,3526.9,6.4724,115.63,NA
2019-01-22,3570.93,6.4736,117.81,NA
2019-01-23,3552.82,6.4969,116.44,NA
2019-01-24,3569.62,6.4588,116.39,NA
2019-01-25,3565.29,6.6899,115.11,NA
2019-01-26,3565.25,6.9463,115.34,NA
2019-01-27,3550.84,7.0396,112.05,NA
2019-01-28,3434.15,6.1648,105.5,NA
2019-01-29,3411.04,6.1661,104.45,NA
2019-01-30,3458.18,6.1388,108.29,NA
2019-01-31,3434.1,6.22,106.44,NA
2019-02-01,3462.07,6.5229,106.73,NA
2019-02-02,3504.77,6.8655,110.42,NA
2019-02-03,3458.11,6.7887,107.36,NA
2019-02-04,3463.22,7.1069,107.68,NA
2019-02-05,3471.59,7.8665,107.27,NA
2019-02-06,3405.37,8.1303,104.5,NA
2019-02-07,3398.4,7.81,104.48,NA
2019-02-08,3659.04,8.5972,119.25,NA
2019-02-09,3665.18,8.9051,119.19,NA
2019-02-10,3680.06,9.1697,125.12,NA
2019-02-11,3631.05,9.5288,120.89,NA
2019-02-12,3631.46,9.2765,122.41,NA
2019-02-13,3609.4,8.9103,121.86,NA
2019-02-14,3590.56,8.7655,120.42,NA
2019-02-15,3602.47,9.2911,121.67,NA
2019-02-16,3618.41,9.1087,122.67,NA
2019-02-17,3667.58,9.22,133.75,NA
2019-02-18,3898.6,9.6127,145.69,NA
2019-02-19,3907.79,10.4728,143.44,NA
2019-02-20,3969.74,10.9211,148.44,NA
2019-02-21,3937.31,10.4661,145.69,NA
2019-02-22,3962,10.7576,147.36,NA
2019-02-23,4117.76,10.7265,157.79,NA
2019-02-24,3743.56,9.9476,132.1,NA
2019-02-25,3827.92,9.6967,137.87,NA
2019-02-26,3809.23,9.4168,136.22,NA
2019-02-27,3818.07,9.8467,135.02,NA
2019-02-28,3813.69,10.2779,135.34,NA
2019-03-01,3823,11.3111,135.32,NA
2019-03-02,3819.93,11.7566,132.56,NA
2019-03-03,3807.75,11.4511,130.6,NA
2019-03-04,3715.3,11.4006,125.65,NA
2019-03-05,3857.73,13.6229,136.72,NA
2019-03-06,3861.84,14.5294,137.4,NA
2019-03-07,3873.64,15.1,136.81,NA
2019-03-08,3864.89,14.2931,133.52,NA
2019-03-09,3943.04,14.4651,137.27,NA
2019-03-10,3916.82,14.3711,135.37,NA
2019-03-11,3871.61,14.4143,132.67,NA
2019-03-12,3882.73,15.3333,133.57,NA
2019-03-13,3866,15.0244,131.65,NA
2019-03-14,3877.12,14.8901,132.2,NA
2019-03-15,3923.76,14.9432,136.56,NA
2019-03-16,4005.98,15.9589,140.92,NA
2019-03-17,3981.14,15.5693,138.67,NA
2019-03-18,3987.81,15.5388,137.59,NA
2019-03-19,4015.53,15.4953,138.55,NA
2019-03-20,4043.04,15.1288,139.01,NA
2019-03-21,3980.64,14.3511,134.85,NA
2019-03-22,3986.93,15.1502,135.98,NA
2019-03-23,4006.01,15.1397,137.28,NA
2019-03-24,3992.18,17.1096,136.09,NA
2019-03-25,3936.12,16.7631,133.98,NA
2019-03-26,3948.55,16.1998,134.18,NA
2019-03-27,4038.05,16.6,139.45,NA
2019-03-28,4027.81,16.6665,137.86,NA
2019-03-29,4103.25,16.4753,143.25,NA
2019-03-30,4106.97,16.9666,142.46,NA
2019-03-31,4103.95,17.5376,141.38,NA
2019-04-01,4144.56,17.8888,141.24,NA
2019-04-02,4857.29,19.7155,163.31,NA
2019-04-03,4932.6,18.5489,159.96,NA
2019-04-04,4898.66,18.992,157.36,NA
2019-04-05,5004.95,19.3657,164.77,NA
2019-04-06,5043.89,19.0745,165.5,NA
2019-04-07,5170.27,18.9523,174.21,NA
2019-04-08,5236.9,17.9777,178.72,NA
2019-04-09,5150,18.2984,174.6,NA
2019-04-10,5308.25,18.24,177.12,NA
2019-04-11,5017.37,17.5555,164.07,NA
2019-04-12,5048.01,18.3333,163.19,NA
2019-04-13,5045.22,18.6111,162.99,NA
2019-04-14,5131.3,19.3866,167.23,NA
2019-04-15,5024.95,19.2666,159.95,NA
2019-04-16,5173.72,19.6408,165.37,NA
2019-04-17,5202.82,19.4888,165.75,NA
2019-04-18,5258.44,21.8888,173.33,NA
2019-04-19,5258.68,24.3188,172.64,NA
2019-04-20,5291.73,24.8888,172.88,NA
2019-04-21,5256.14,23.9999,168.59,NA
2019-04-22,5357.14,23.8,170.52,NA
2019-04-23,5493.31,22.546,169.16,NA
2019-04-24,5415,22.9703,164.78,NA
2019-04-25,5219.9,22.4863,154.72,NA
2019-04-26,5314.1,23.0555,157.95,NA
2019-04-27,5295.69,22.4324,159.31,NA
2019-04-28,5307.52,23.0226,157.85,NA
2019-04-29,5238.14,21.6788,155.11,NA
2019-04-30,5320.81,22.0391,161.83,NA
2019-05-01,5383.2,21.8788,160.19,NA
2019-05-02,5492.87,23.6166,161.81,NA
2019-05-03,5772.69,23.6999,168.06,NA
2019-05-04,5829.45,22.8888,163.7,NA
2019-05-05,5775.62,22.9777,163.05,NA
2019-05-06,5747.79,22.1895,173,NA
2019-05-07,5846.34,20.6602,169.18,NA
2019-05-08,5987.29,20.6673,170.85,NA
2019-05-09,6209.18,18.8388,170.9,NA
2019-05-10,6373.33,19.6166,172.91,NA
2019-05-11,7076.22,20.8059,190.2,NA
2019-05-12,6967.31,20.8934,188.11,NA
2019-05-13,7790.71,23.521,195.84,NA
2019-05-14,7947.56,23.6553,216.4,NA
2019-05-15,8169.87,26.8116,248.1,NA
2019-05-16,7866.59,26.2888,264.25,NA
2019-05-17,7355.26,25.7795,244.3,NA
2019-05-18,7257.45,28.8171,233.6,NA
2019-05-19,8148.48,29.1122,259.51,NA
2019-05-20,7938.15,29.2666,250.37,NA
2019-05-21,7904.87,32.3907,253.43,NA
2019-05-22,7628.43,30.8067,243.64,NA
2019-05-23,7851.51,31.3934,244.56,NA
2019-05-24,7964.87,33.9435,248.87,NA
2019-05-25,8025.41,35.0168,250.22,NA
2019-05-26,8614.43,33.0919,264.45,NA
2019-05-27,8756.32,33.511,270.53,NA
2019-05-28,8715.64,33.1068,271.03,NA
2019-05-29,8645.68,33.6066,268.83,NA
2019-05-30,8269.54,31.6666,254.56,NA
2019-05-31,8555,32.8862,267.9,NA
2019-06-01,8544.07,33.3521,264.33,NA
2019-06-02,8725.98,33.1527,268.88,NA
2019-06-03,8115.82,30.7564,249.91,NA
2019-06-04,7687.03,29.2596,241.39,NA
2019-06-05,7776.5,30.8886,245.63,NA
2019-06-06,7786.7,31.0888,248.76,NA
2019-06-07,7980.53,31.3098,248.77,NA
2019-06-08,7893.62,31.7333,243.25,NA
2019-06-09,7628.13,30.095,230.98,NA
2019-06-10,7982.75,32.0271,246.51,NA
2019-06-11,7884.9,31.8889,244.29,NA
2019-06-12,8127.64,34.8888,261.15,NA
2019-06-13,8218.54,35.251,254.67,NA
2019-06-14,8650,32.3803,262.47,NA
2019-06-15,8808.7,32.6743,267.82,NA
2019-06-16,8953.33,32.1888,267.73,NA
2019-06-17,9313.96,33.8286,273.16,NA
2019-06-18,9081.55,34.4333,264.66,NA
2019-06-19,9255.49,35.1888,268.14,NA
2019-06-20,9517.12,36.8381,271.22,NA
2019-06-21,10159.86,38.6766,294.35,NA
2019-06-22,10729.5,38.0001,310.79,NA
2019-06-23,10906.07,37.2836,308.52,NA
2019-06-24,11056.59,37.43,311.64,NA
2019-06-25,11820.86,36.0941,318.26,NA
2019-06-26,13093.8,36.1189,339.39,NA
2019-06-27,11329.99,34.3999,298.35,NA
2019-06-28,12400.63,34.6289,311.05,NA
2019-06-29,11903.13,35.5,317.62,NA
2019-06-30,10854.1,32.114,292.7,NA
2019-07-01,10624.93,33.2777,295.07,NA
2019-07-02,10842.85,31.9777,291.48,NA
2019-07-03,11940,32.522,301.14,NA
2019-07-04,11145.67,33.0888,282.73,NA
2019-07-05,10970.73,32.5566,287.47,NA
2019-07-06,11256.49,32.5888,288.29,NA
2019-07-07,11406.24,32.9344,304.72,NA
2019-07-08,12238.6,33.3888,311.97,NA
2019-07-09,12543.41,32.4811,307.46,NA
2019-07-10,12108.37,31.222,289.23,NA
2019-07-11,11342.89,29.4181,268.63,NA
2019-07-12,11757.22,31.8888,274.62,NA
2019-07-13,11355.76,31.4888,268.79,NA
2019-07-14,10174.18,28.5447,225.85,NA
2019-07-15,10838.72,28.647,228.2,NA
2019-07-16,9439.59,25.0601,198.88,NA
2019-07-17,9667.92,27.6287,210.81,NA
2019-07-18,10627.16,28.9555,225.73,NA
2019-07-19,10504.29,29.0096,220.73,NA
2019-07-20,10740.23,31.0932,228.2,NA
2019-07-21,10589.45,30.4388,225.38,NA
2019-07-22,10340.31,30.885,217.51,NA
2019-07-23,9864.91,29.4929,212.48,NA
2019-07-24,9763.28,28.8261,216.31,NA
2019-07-25,9879.87,28.9227,219.14,NA
2019-07-26,9824,28.9,218.81,NA
2019-07-27,9476.52,27.7498,207.3,NA
2019-07-28,9541.54,27.7555,211.62,NA
2019-07-29,9507.64,26.9525,210.89,NA
2019-07-30,9574.21,26.9867,209.58,NA
2019-07-31,10080.53,27.75,218.42,NA
2019-08-01,10374.99,28.7088,216.84,NA
2019-08-02,10523.75,28.14,217.61,NA
2019-08-03,10816.86,27.7333,222.14,NA
2019-08-04,10929.23,27.3834,221.79,NA
2019-08-05,11828.8,28.0114,233.54,NA
2019-08-06,11481.69,27.6523,226.28,NA
2019-08-07,11975.03,29.6694,226.1,NA
2019-08-08,11999.77,31.1074,221.39,NA
2019-08-09,11879.99,29.8188,210.53,NA
2019-08-10,11309.31,29.6661,206.48,NA
2019-08-11,11549.97,30.2439,216.42,NA
2019-08-12,11396.08,30.1856,211.41,NA
2019-08-13,10892.71,29.4512,209.3,NA
2019-08-14,10050.37,27.0256,187.1,NA
2019-08-15,10293.93,28.1058,188.03,NA
2019-08-16,10331.54,27.5111,184.88,NA
2019-08-17,10216.02,27.5038,185.59,NA
2019-08-18,10306.78,27.8977,194.33,NA
2019-08-19,10915.54,28.7931,202.28,NA
2019-08-20,10760.51,28.0286,196.6,NA
2019-08-21,10142.57,26.925,187.45,NA
2019-08-22,10099.88,26.9731,190.35,NA
2019-08-23,10389.55,26.94,194.02,NA
2019-08-24,10134.35,26.2814,190.6,NA
2019-08-25,10142.69,26.0888,186.54,NA
2019-08-26,10372.25,26.1257,188.67,NA
2019-08-27,10185.05,25.6051,187.24,NA
2019-08-28,9721,23.3565,173.03,NA
2019-08-29,9498.44,21.7777,169.01,NA
2019-08-30,9584.54,22.1448,168.5,NA
2019-08-31,9587.47,21.0604,171.57,NA
2019-09-01,9724.98,21.4248,170.74,NA
2019-09-02,10340,22.7449,178.05,NA
2019-09-03,10615.28,22.3511,178.75,NA
2019-09-04,10567.02,21.6764,174.72,NA
2019-09-05,10564.49,22.6388,173.75,NA
2019-09-06,10298.73,21.9906,169.08,NA
2019-09-07,10455.88,22.3996,177.62,NA
2019-09-08,10381.18,22.4111,181.19,NA
2019-09-09,10303.12,22.0978,180.54,NA
2019-09-10,10098.15,21.7679,179.81,NA
2019-09-11,10158.33,20.7334,178.28,NA
2019-09-12,10415.01,20.82,180.72,NA
2019-09-13,10342.06,20.788,180.95,NA
2019-09-14,10335.02,20.9555,188.13,NA
2019-09-15,10302.01,20.2901,189.03,NA
2019-09-16,10251.31,20.2422,197.22,NA
2019-09-17,10187.82,21.0473,207.84,NA
2019-09-18,10156.99,22.2018,210.21,NA
2019-09-19,10244.29,21.5376,220.24,NA
2019-09-20,10168.59,21.2695,218.03,NA
2019-09-21,9986.39,20.9666,215.05,NA
2019-09-22,10028.87,20.3602,211.2,NA
2019-09-23,9702.25,19.3228,201.29,NA
2019-09-24,8493.14,15.8249,165.81,NA
2019-09-25,8430.05,16.0321,169.96,NA
2019-09-26,8063.73,15.2212,165.92,NA
2019-09-27,8177.91,15.6666,173.79,NA
2019-09-28,8198.81,15.7346,173.49,NA
2019-09-29,8043.82,15.1999,169.24,NA
2019-09-30,8289.34,15.8349,180.85,NA
2019-10-01,8292.44,15.8563,175.66,NA
2019-10-02,8359.94,15.8742,180.24,NA
2019-10-03,8223.96,15.6377,174.69,NA
2019-10-04,8137.13,15.6133,175.55,NA
2019-10-05,8126.19,15.6869,176.25,NA
2019-10-06,7854.25,15.0688,170.1,NA
2019-10-07,8190.09,16.0255,179.85,NA
2019-10-08,8168.39,16.0213,180.6,NA
2019-10-09,8560.74,17.7177,192.62,NA
2019-10-10,8558.03,17.5288,191.14,NA
2019-10-11,8258.5,16.5666,180.72,NA
2019-10-12,8300.09,17.17,179.68,NA
2019-10-13,8275.01,18.256,180.99,NA
2019-10-14,8348.2,18.4376,186.72,NA
2019-10-15,8159.29,18.5643,180.49,NA
2019-10-16,7991.74,17.7401,174.47,NA
2019-10-17,8070.58,18.5188,177.16,NA
2019-10-18,7947.01,18.2188,172.74,NA
2019-10-19,7948.01,18.2229,171.79,NA
2019-10-20,8223.35,18.4997,175.22,NA
2019-10-21,8197.27,18.2551,173.98,NA
2019-10-22,8020,18.2286,171.2,NA
2019-10-23,7466.62,16.6796,162.35,NA
2019-10-24,7412.41,16.9194,160.38,NA
2019-10-25,8655.02,18.6188,181.5,NA
2019-10-26,9230,18.9501,179.49,NA
2019-10-27,9529.93,19.2888,183.75,NA
2019-10-28,9205.14,19.939,181.72,NA
2019-10-29,9407.62,20.7452,190.46,NA
2019-10-30,9154.72,20.052,183.13,NA
2019-10-31,9140.85,19.9099,182.18,NA
2019-11-01,9231.61,19.9999,182.85,NA
2019-11-02,9289.52,20.1745,182.91,NA
2019-11-03,9194.71,20.1874,181.54,NA
2019-11-04,9393.35,20.6139,185.71,NA
2019-11-05,9308.66,20.6588,188.68,NA
2019-11-06,9339.05,20.7,191.16,NA
2019-11-07,9216.2,20.4208,186.68,NA
2019-11-08,8773.73,19.646,183.74,NA
2019-11-09,8809.41,19.6999,184.89,NA
2019-11-10,9039.47,20.4333,188.96,NA
2019-11-11,8733.27,20.0888,184.98,NA
2019-11-12,8821.94,20.9798,187.09,NA
2019-11-13,8777.12,21.3846,188.11,NA
2019-11-14,8646.68,21.3166,184.92,NA
2019-11-15,8471.73,20.2735,180,NA
2019-11-16,8491.02,20.1631,182.37,NA
2019-11-17,8502.4,20.194,183.82,NA
2019-11-18,8187.17,19.0817,178.2,NA
2019-11-19,8133.64,18.4997,175.94,NA
2019-11-20,8098.01,18.0826,174.72,NA
2019-11-21,7627.74,16.7985,161.01,NA
2019-11-22,7268.23,15.485,149.56,NA
2019-11-23,7311.57,16.232,151.84,NA
2019-11-24,6903.28,14.9964,139.96,NA
2019-11-25,7109.57,15.1457,145.69,NA
2019-11-26,7156.14,15.3564,147.47,NA
2019-11-27,7508.52,16.0888,152.62,NA
2019-11-28,7419.49,15.5333,150.72,NA
2019-11-29,7739.68,16.2281,154.57,NA
2019-11-30,7541.89,15.7118,151.37,NA
2019-12-01,7390.89,15.4297,150.73,NA
2019-12-02,7294.28,15.1288,148.65,NA
2019-12-03,7292.71,15.2542,147.17,NA
2019-12-04,7194.32,15.1,145.38,NA
2019-12-05,7389,15.6555,148.1,NA
2019-12-06,7527.47,15.6666,148.45,NA
2019-12-07,7488.21,15.6067,147.14,NA
2019-12-08,7510.11,15.6121,150.44,NA
2019-12-09,7338.64,15.3284,147.38,NA
2019-12-10,7224.13,14.8088,145.56,NA
2019-12-11,7210,14.78,143.39,NA
2019-12-12,7198.08,14.7238,144.87,NA
2019-12-13,7258.48,14.8555,144.8,NA
2019-12-14,7064.05,14.3888,141.79,NA
2019-12-15,7118.59,14.3949,142.46,NA
2019-12-16,6891.72,13.4544,132.73,NA
2019-12-17,6623.82,12.381,121.88,NA
2019-12-18,7277.83,13.6158,132.78,NA
2019-12-19,7150.3,13.3441,128.1,NA
2019-12-20,7187.83,13.5,128.19,NA
2019-12-21,7132.75,13.2933,126.99,NA
2019-12-22,7501.44,13.7798,132.09,NA
2019-12-23,7317.09,13.2998,127.8,NA
2019-12-24,7255.77,13.3369,127.75,NA
2019-12-25,7204.63,13.0666,125.09,NA
2019-12-26,7202,13.1414,125.58,NA
2019-12-27,7254.74,13.2888,126.29,NA
2019-12-28,7316.14,13.6779,128.11,NA
2019-12-29,7388.24,14.104,134.36,NA
2019-12-30,7246,13.8597,131.59,NA
2019-12-31,7195.23,13.7161,129.16,NA
2020-01-01,7200.85,13.7184,130.77,NA
2020-01-02,6965.71,13.0105,127.19,NA
2020-01-03,7344.96,13.6474,134.35,NA
2020-01-04,7354.11,13.8092,134.2,NA
2020-01-05,7358.75,14.0532,135.37,NA
2020-01-06,7758,14.9471,144.15,NA
2020-01-07,8145.28,15.0226,142.8,NA
2020-01-08,8055.98,14.5334,140.72,NA
2020-01-09,7817.76,14.3978,137.74,NA
2020-01-10,8197.02,15.07,144.84,NA
2020-01-11,8020.01,14.9177,142.38,NA
2020-01-12,8184.98,15.3366,146.54,NA
2020-01-13,8110.34,15.1736,143.58,NA
2020-01-14,8810.01,16.6371,165.64,NA
2020-01-15,8821.41,17.6655,166.4,NA
2020-01-16,8720.01,17.0333,164.21,NA
2020-01-17,8913.28,18.0724,169.85,NA
2020-01-18,8915.96,17.8088,174.14,NA
2020-01-19,8701.7,17.388,166.79,NA
2020-01-20,8642.35,17.3235,166.87,NA
2020-01-21,8736.03,18.1166,169.49,NA
2020-01-22,8682.36,17.8344,168.07,NA
2020-01-23,8404.52,17.0524,162.81,NA
2020-01-24,8439,17.1148,162.54,NA
2020-01-25,8340.58,16.9555,160.35,NA
2020-01-26,8615,17.499,167.86,NA
2020-01-27,8907.57,17.67,170.08,NA
2020-01-28,9374.21,18.0662,175.64,NA
2020-01-29,9301.53,17.9134,173.72,NA
2020-01-30,9513.21,18.5555,184.69,NA
2020-01-31,9352.89,18.2644,179.99,NA
2020-02-01,9384.61,18.2752,183.6,NA
2020-02-02,9331.51,18.4333,188.44,NA
2020-02-03,9292.24,18.46,189.69,NA
2020-02-04,9197.02,18.1778,188.91,NA
2020-02-05,9612.04,19.262,203.78,NA
2020-02-06,9772,20.6675,213.19,NA
2020-02-07,9813.73,22.0555,223.33,NA
2020-02-08,9895.05,21.7888,223.05,NA
2020-02-09,10151.75,24.38,228.49,NA
2020-02-10,9851.83,25.1465,222.89,NA
2020-02-11,10223.08,25.6963,236.69,NA
2020-02-12,10326.46,26.4243,265.74,NA
2020-02-13,10229.63,25.4579,268.32,NA
2020-02-14,10344.36,26.3547,285.15,NA
2020-02-15,9904.72,24.2576,264.88,NA
2020-02-16,9917.27,23.3193,258.85,NA
2020-02-17,9706,23.4555,267.85,NA
2020-02-18,10164.71,24.0821,282.61,NA
2020-02-19,9593.79,22.3709,258.45,NA
2020-02-20,9596.42,22.1626,256.96,NA
2020-02-21,9677.05,22.1888,265.27,NA
2020-02-22,9650.86,21.9689,261.57,NA
2020-02-23,9936.4,22.8452,274.48,NA
2020-02-24,9656.13,22.0965,265.52,NA
2020-02-25,9315.84,20.3193,246.67,NA
2020-02-26,8785.25,18.7441,223.93,NA
2020-02-27,8823.21,19.2,227.79,NA
2020-02-28,8692.91,18.9838,226.76,NA
2020-02-29,8523.61,19.23,217.21,NA
2020-03-01,8531.88,18.902,217.81,NA
2020-03-02,8915.24,19.9289,231.97,NA
2020-03-03,8760.07,19.6882,223.91,NA
2020-03-04,8750.87,19.95,224.26,NA
2020-03-05,9054.68,20.7462,228.38,NA
2020-03-06,9131.88,21.3389,244.88,NA
2020-03-07,8886.66,20.25,237.23,NA
2020-03-08,8033.31,16.894,199.43,NA
2020-03-09,7929.87,16.5888,202.81,NA
2020-03-10,7894.56,16.8671,200.7,NA
2020-03-11,7934.52,16.5705,194.61,NA
2020-03-12,4800,9.2566,107.82,NA
2020-03-13,5578.6,10.9204,134.06,NA
2020-03-14,5172.06,10.1487,122.54,NA
2020-03-15,5361.3,10.3898,123.78,NA
2020-03-16,5028.97,9.4285,111.02,NA
2020-03-17,5312.64,10.2576,115.67,NA
2020-03-18,5393.04,10.3866,118.11,NA
2020-03-19,6162.37,12.2597,136.3,NA
2020-03-20,6208.36,11.9147,133.48,NA
2020-03-21,6186.98,12.1,132.66,NA
2020-03-22,5816.19,11.167,122.32,NA
2020-03-23,6467.31,12.1887,135.92,NA
2020-03-24,6744.72,12.426,138.42,NA
2020-03-25,6677.43,12.3251,136.1,NA
2020-03-26,6737.36,13.199,138.4,NA
2020-03-27,6359.11,12.3354,131.33,NA
2020-03-28,6236.65,12.1888,130.98,NA
2020-03-29,5881.42,11.3008,124.5,NA
2020-03-30,6394.38,12.1365,132.06,NA
2020-03-31,6410.44,12.5451,132.72,NA
2020-04-01,6642.92,12.72,135.69,NA
2020-04-02,6794.09,13.0166,141.28,NA
2020-04-03,6734.1,13.3615,141.31,NA
2020-04-04,6856.99,13.7606,144.1,NA
2020-04-05,6772.78,13.6888,142.68,NA
2020-04-06,7329.9,15.1989,171.32,NA
2020-04-07,7197.32,14.7266,164.63,NA
2020-04-08,7361.28,15.0888,173.11,NA
2020-04-09,7283.54,15.0096,169.52,NA
2020-04-10,6858.92,13.72,157.81,NA
2020-04-11,6876.83,13.807,158.33,NA
2020-04-12,6903.79,14.2808,158.59,NA
2020-04-13,6837.91,15.0277,156.29,NA
2020-04-14,6868.7,15.6148,158.45,NA
2020-04-15,6621.24,14.5755,152.73,NA
2020-04-16,7101.94,15.7394,172.29,NA
2020-04-17,7027.55,15.64,170.69,NA
2020-04-18,7248.6,16.6137,187.4,NA
2020-04-19,7120.74,16.0683,180.03,NA
2020-04-20,6826.83,14.9892,170.2,NA
2020-04-21,6841.37,15.1283,170.74,NA
2020-04-22,7125.14,15.7104,182.7,NA
2020-04-23,7482.39,16.034,185.51,NA
2020-04-24,7505,15.9319,187.59,NA
2020-04-25,7538.67,16.2283,194.21,NA
2020-04-26,7693.1,16.3588,197.38,NA
2020-04-27,7774.62,16.4229,196.34,NA
2020-04-28,7738.98,16.34,196.24,NA
2020-04-29,8778.57,17.3667,215.36,NA
2020-04-30,8620,16.9542,206.08,NA
2020-05-01,8826.96,17.466,212.02,NA
2020-05-02,8972.05,17.5333,213.9,NA
2020-05-03,8894.16,17.1071,209.86,NA
2020-05-04,8871.96,17.0074,206.48,NA
2020-05-05,9021.83,16.8886,205.29,NA
2020-05-06,9142.92,16.3743,198.97,NA
2020-05-07,9986.4,17.0003,212,NA
2020-05-08,9800.01,17.1371,211.31,NA
2020-05-09,9539.4,16.7751,210.07,NA
2020-05-10,8722.77,15.3506,187.54,NA
2020-05-11,8561.52,15.0811,185.73,NA
2020-05-12,8810.79,15.7892,189.76,NA
2020-05-13,9309.37,16.2164,199.58,NA
2020-05-14,9791.98,16.3777,203.29,NA
2020-05-15,9316.42,15.7222,194.86,NA
2020-05-16,9381.27,16.058,200.45,NA
2020-05-17,9680.04,16.2959,207,NA
2020-05-18,9733.93,16.6299,214.91,NA
2020-05-19,9775.53,17.2098,214.58,NA
2020-05-20,9511.43,16.8998,209.98,NA
2020-05-21,9068.65,16.0888,198.74,NA
2020-05-22,9170,16.5864,207.36,NA
2020-05-23,9179.15,16.48,206.6,NA
2020-05-24,8720.34,15.9624,199.9,NA
2020-05-25,8900.35,16.3807,204.15,NA
2020-05-26,8841.18,16.2159,200.89,NA
2020-05-27,9204.07,16.47,208.29,NA
2020-05-28,9575.89,17.0772,220.21,NA
2020-05-29,9427.07,17.0031,220.67,NA
2020-05-30,9697.72,17.7277,243.66,NA
2020-05-31,9448.27,17.0916,231.57,NA
2020-06-01,10200.77,17.9477,248.23,NA
2020-06-02,9518.04,17.2669,237.71,NA
2020-06-03,9666.24,17.5779,244.52,NA
2020-06-04,9789.06,17.517,243.21,NA
2020-06-05,9621.16,17.6914,240.03,NA
2020-06-06,9666.3,17.5511,241.94,NA
2020-06-07,9746.99,17.4135,244.56,NA
2020-06-08,9782.01,17.4489,246.4,NA
2020-06-09,9772.43,17.3733,243.8,NA
2020-06-10,9885,17.406,247.78,NA
2020-06-11,9280.4,16.2298,230.51,NA
2020-06-12,9465.13,16.6377,237.55,NA
2020-06-13,9473.34,16.8101,238.11,NA
2020-06-14,9342.1,16.5729,231.77,NA
2020-06-15,9426.02,16.377,230.86,NA
2020-06-16,9525.59,16.4329,235.3,NA
2020-06-17,9465.14,16.3983,233.82,NA
2020-06-18,9386.32,16.1608,231.27,NA
2020-06-19,9310.23,15.9512,229,NA
2020-06-20,9358.95,16.059,228.89,NA
2020-06-21,9294.69,15.9775,228.04,NA
2020-06-22,9685.69,16.5051,243.13,NA
2020-06-23,9624.89,16.3898,243.14,NA
2020-06-24,9296.49,15.9968,234.58,NA
2020-06-25,9249.49,15.906,232.5,NA
2020-06-26,9162.21,15.7694,229.64,NA
2020-06-27,9012,15.1242,220.94,NA
2020-06-28,9116.35,15.3782,224.93,NA
2020-06-29,9192.56,15.4656,227.93,NA
2020-06-30,9138.55,15.3838,225.6,NA
2020-07-01,9232,15.8144,230.99,NA
2020-07-02,9086.54,15.3634,226.46,NA
2020-07-03,9058.26,15.2863,224.87,NA
2020-07-04,9135.46,15.5548,229.17,NA
2020-07-05,9069.41,15.4885,227.56,NA
2020-07-06,9344.2,16.311,241.6,NA
2020-07-07,9257.39,16.8048,239.39,NA
2020-07-08,9436.06,17.2819,246.95,NA
2020-07-09,9232.43,16.8274,241.98,NA
2020-07-10,9288.34,17.3123,241.26,NA
2020-07-11,9234.03,17.6205,239.19,NA
2020-07-12,9302.75,18.2994,242.79,NA
2020-07-13,9242.62,18.4046,239.5,NA
2020-07-14,9255.85,18.079,240.44,NA
2020-07-15,9197.6,17.6351,238.61,NA
2020-07-16,9133.72,17.1647,233.57,NA
2020-07-17,9154.32,17.0676,232.67,NA
2020-07-18,9170.28,17.1507,235.67,NA
2020-07-19,9208.99,18.0154,239.11,NA
2020-07-20,9160.78,17.4645,236.01,NA
2020-07-21,9390,17.7285,245.59,NA
2020-07-22,9518.16,18.09,263.74,NA
2020-07-23,9603.27,18.75,275.3,NA
2020-07-24,9537.8,19.1853,279.15,NA
2020-07-25,9700.42,19.8242,305.26,NA
2020-07-26,9931.54,19.5557,311,NA
2020-07-27,11029.96,19.7474,321.93,NA
2020-07-28,10906.27,20.1732,316.77,NA
2020-07-29,11100.53,19.899,317.71,NA
2020-07-30,11099.61,19.97,334.87,NA
2020-07-31,11335.46,20.6615,346.33,NA
2020-08-01,11801.17,21.6168,387,NA
2020-08-02,11071.35,20.9898,372.42,NA
2020-08-03,11219.81,22.0504,385.94,NA
2020-08-04,11191.97,22.2818,389.61,NA
2020-08-05,11744.91,23.2728,400.72,NA
2020-08-06,11762.46,22.7487,394.77,NA
2020-08-07,11594.23,22.3323,379.34,NA
2020-08-08,11761.41,22.9234,397.03,NA
2020-08-09,11681.68,22.422,390.14,NA
2020-08-10,11892.92,22.6369,395.44,NA
2020-08-11,11392.08,21.2902,379,NA
2020-08-12,11564.33,21.4919,387.18,NA
2020-08-13,11780,21.7667,424.54,NA
2020-08-14,11760.54,23.1047,438.11,NA
2020-08-15,11852.4,23.0881,432.32,NA
2020-08-16,11911,23.529,433.62,NA
2020-08-17,12281.13,23.4961,430.89,NA
2020-08-18,11945.01,22.9705,421.95,NA
2020-08-19,11754.59,22.3761,407.46,NA
2020-08-20,11853.55,23.0888,415.94,NA
2020-08-21,11531.34,22.0988,387.97,NA
2020-08-22,11662.96,22.2044,395.24,NA
2020-08-23,11648.13,21.8555,390.71,NA
2020-08-24,11748.2,22.5953,407.68,NA
2020-08-25,11318.42,21.3882,382.93,NA
2020-08-26,11461.43,22.1999,385.81,NA
2020-08-27,11330.38,23.1127,383.27,NA
2020-08-28,11526.91,23.0811,395.11,NA
2020-08-29,11465.84,22.9398,398.65,NA
2020-08-30,11711.16,23.6208,428.94,NA
2020-08-31,11649.51,23.1477,433.79,NA
2020-09-01,11921.97,24.7028,475.4,NA
2020-09-02,11388.54,24.7652,439.5,NA
2020-09-03,10140.85,20.3592,381.4,NA
2020-09-04,10446.25,20.9712,385.26,NA
2020-09-05,10166.69,19.4698,335.01,NA
2020-09-06,10256.2,23.142,352.8,NA
2020-09-07,10373.44,22.4426,353.59,NA
2020-09-08,10126.65,23.2837,337.39,NA
2020-09-09,10219.2,24.4716,350.85,NA
2020-09-10,10336.87,24.5489,367.93,NA
2020-09-11,10387.89,25.399,373.63,NA
2020-09-12,10440.92,28.505,387.78,NA
2020-09-13,10332.83,31.1656,366.42,NA
2020-09-14,10671.77,31.2523,377.12,NA
2020-09-15,10785.31,27.1181,364.06,NA
2020-09-16,10954.01,27.8695,365.11,NA
2020-09-17,10939.99,27.095,389.36,NA
2020-09-18,10933.39,27.629,384.39,NA
2020-09-19,11080.65,27.2035,385.25,NA
2020-09-20,10920.28,26.316,371.04,NA
2020-09-21,10417.22,23.1232,340.36,NA
2020-09-22,10529.61,24.0468,344.21,NA
2020-09-23,10241.46,22.8331,320.72,NA
2020-09-24,10736.32,24.5745,348.97,NA
2020-09-25,10686.67,24.6924,351.92,NA
2020-09-26,10728.6,26.1998,353.92,NA
2020-09-27,10774.25,26.251,357.49,NA
2020-09-28,10696.12,26.9855,353.96,NA
2020-09-29,10840.48,28.8946,359.79,NA
2020-09-30,10776.59,29.2656,359.83,NA
2020-10-01,10619.13,27.4673,352.85,NA
2020-10-02,10570.4,27.3369,345.6,NA
2020-10-03,10542.06,28.1867,345.95,NA
2020-10-04,10666.63,28.9668,352.37,NA
2020-10-05,10792.21,28.6158,353.62,NA
2020-10-06,10599.66,27.6812,340.75,NA
2020-10-07,10666.39,27.6898,341.58,NA
2020-10-08,10925.57,27.7424,350.95,NA
2020-10-09,11050.64,28.4076,365.02,NA
2020-10-10,11293.22,28.4414,370.52,NA
2020-10-11,11369.02,28.5271,374.16,NA
2020-10-12,11528.25,30.6503,386.51,NA
2020-10-13,11420.56,30.7256,381.04,NA
2020-10-14,11417.89,30.838,378.69,NA
2020-10-15,11505.12,31.3256,377.64,NA
2020-10-16,11319.32,30.0516,365.5,NA
2020-10-17,11360.2,30.2414,368.32,NA
2020-10-18,11503.14,30.659300000000002,378.11,NA
2020-10-19,11751.47,29.9107,379.3,NA
2020-10-20,11909.99,28.8227,368.52,NA
2020-10-21,12780.96,29.7329,390.38,NA
2020-10-22,12968.52,30.6396,413.98,NA
2020-10-23,12923.07,30.6377,409.11,NA
2020-10-24,13111.73,30.6639,412.14,NA
2020-10-25,13028.83,30.128,405.86,NA
2020-10-26,13052.19,31.0467,392.52,NA
2020-10-27,13636.17,31.4826,403.45,NA
2020-10-28,13266.4,30.3338,388.23,NA
2020-10-29,13455.7,29.8702,387.13,NA
2020-10-30,13560.1,28.4909,382.49,NA
2020-10-31,13791,28.5058,386.46,NA
2020-11-01,13761.5,28.5318,396.67,NA
2020-11-02,13549.37,27.7983,383.02,NA
2020-11-03,14023.53,26.8638,387.88,NA
2020-11-04,14144.01,26.96,402.49,NA
2020-11-05,15590.02,27.6875,416.69,NA
2020-11-06,15579.92,29.0435,455.91,NA
2020-11-07,14818.3,27.7651,435.21,NA
2020-11-08,15475.1,28.4101,454.3,NA
2020-11-09,15328.41,28.0941,444.32,NA
2020-11-10,15297.21,28.2188,450.34,NA
2020-11-11,15684.24,28.016,463.09,NA
2020-11-12,16291.86,27.6874,462.39,NA
2020-11-13,16320.7,28.1974,476.43,NA
2020-11-14,16070.45,27.9311,460.89,NA
2020-11-15,15957,27.6786,448.08,NA
2020-11-16,16713.57,27.9451,460.55,NA
2020-11-16,16713.57,27.9451,460.55,NA
2020-11-16,16713.57,27.9451,460.55,NA
2020-11-16,16713.57,27.9451,460.55,NA
2020-11-16,16713.57,27.9451,460.55,NA
2020-11-16,16713.57,27.9451,460.55,NA
2020-11-16,16713.57,27.9451,460.55,NA
2020-11-16,16713.57,27.9451,460.55,NA
2020-11-17,17659.38,28.5552,482.15,NA
2020-11-18,17776.12,28.0931,478.41,NA
2020-11-19,17802.82,28.1387,471.25,NA
2020-11-20,18655.67,28.9715,510.12,NA
2020-11-21,18703.8,30.5161,552.35,NA
2020-11-22,18414.43,30.0226,560.03,NA
2020-11-23,18368,30.995,608.58,NA
2020-11-24,19160.01,33.9407,604.97,NA
2020-11-25,18719.11,31.2953,569.5,NA
2020-11-26,17149.47,28.2356,519.83,NA
2020-11-27,17139.52,28.4606,518.68,NA
2020-11-28,17719.85,29.1766,537.52,NA
2020-11-29,18184.99,30.1045,576.3,NA
2020-11-30,19695.87,31.4935,616.66,NA
2020-12-01,18764.96,30.1996,585.26,NA
2020-12-02,19204.09,30.2875,596.89,NA
2020-12-03,19421.9,30.7065,615.85,NA
2020-12-04,18650.52,29.0231,567.24,NA
2020-12-05,19147.66,29.728,596.8,NA
2020-12-06,19359.4,29.5026,601.54,NA
2020-12-07,19166.9,29.37,591.28,NA
2020-12-08,18324.11,27.6705,554.94,NA
2020-12-09,18541.28,28.1452,573.09,NA
2020-12-10,18254.63,27.6926,558.99,NA
2020-12-11,18036.53,27.3419,544.43,NA
2020-12-12,18808.69,28.1603,568.04,NA
2020-12-13,19174.99,29.1571,590.7,NA
2020-12-14,19273.14,30.0338,586.29,NA
2020-12-15,19426.43,29.5053,588.64,NA
2020-12-16,21335.52,30.5577,637.18,NA
2020-12-17,22797.16,30.2255,642.7,NA
2020-12-18,23107.39,30.9882,653.85,NA
2020-12-19,23821.61,33.3167,658.03,NA
2020-12-20,23455.52,34.3148,638.18,NA
2020-12-21,22719.71,32.05,607.58,NA
2020-12-22,23810.79,33.5151,636.45,NA
2020-12-23,23232.76,31.1843,585.56,NA
2020-12-24,23729.2,32.4895,612.31,NA
2020-12-25,24712.47,33.1996,626.82,NA
2020-12-26,26493.39,33.6361,637.44,NA
2020-12-27,26281.66,33.674,685.11,NA
2020-12-28,27079.41,35.951,730.41,NA
2020-12-29,27385,39.0667,732,NA
2020-12-30,28875.54,38.1558,752.17,NA
2020-12-31,28923.63,37.3588,736.42,NA
2021-01-01,29331.69,37.7762,728.91,NA
2021-01-02,32178.33,38.2331,774.56,NA
2021-01-03,33000.05,41.2575,978.28,NA
2021-01-04,31988.71,41.1333,1041.43,NA
2021-01-05,33949.53,41.8219,1099.56,NA
2021-01-06,36769.36,42.2417,1208.42,NA
2021-01-07,39432.28,43.5728,1224.87,NA
2021-01-08,40582.81,42.356,1216.93,NA
2021-01-09,40088.22,43.8479,1276,NA
2021-01-10,38150.02,42.4031,1254.25,NA
2021-01-11,35404.47,38.1674,1087.01,NA
2021-01-12,34051.24,38.2541,1050.16,NA
2021-01-13,37371.38,40.1114,1129.89,NA
2021-01-14,39144.5,41.8723,1231.62,NA
2021-01-15,36742.22,40.8668,1168.53,NA
2021-01-16,35994.98,43.142,1227.83,NA
2021-01-17,35828.61,45.8675,1232.45,NA
2021-01-18,36631.27,45.3412,1258.45,NA
2021-01-19,35891.49,42.5241,1365.36,NA
2021-01-20,35468.23,42.6069,1376.99,NA
2021-01-21,30850.13,38.6343,1110.96,NA
2021-01-22,32945.17,40.8936,1232.62,NA
2021-01-23,32078,40.9109,1233.6,NA
2021-01-24,32259.9,41.8263,1392.51,NA
2021-01-25,32254.2,41.8347,1317.88,NA
2021-01-26,32467.77,41.8396,1365.97,NA
2021-01-27,30366.15,40.8826,1239.03,NA
2021-01-28,33364.86,42.5254,1329.69,NA
2021-01-29,34252.2,42.8618,1379.5,NA
2021-01-30,34262.88,44.7849,1378.05,NA
2021-01-31,33092.98,44.3292,1312.55,NA
2021-02-01,33526.37,51.4781,1374.17,NA
2021-02-02,35466.24,51.0071,1511.87,NA
2021-02-03,37618.87,52.12,1664.49,NA
2021-02-04,36936.66,55.9599,1595.67,NA
2021-02-05,38290.24,67.7005,1719.19,NA
2021-02-06,39186.94,72.8356,1676.35,NA
2021-02-07,38795.69,68.3542,1611.62,NA
2021-02-08,46374.87,79.8374,1750.15,NA
2021-02-09,46420.42,107.3469,1769.13,NA
2021-02-10,44807.58,128.9711,1740.78,NA
2021-02-11,47969.51,124.085,1785.62,NA
2021-02-12,47287.6,136.6139,1840.26,NA
2021-02-13,47153.69,133.3496,1814.96,NA
2021-02-14,48577.79,135.8623,1800.42,NA
2021-02-15,47911.1,130.303,1779.25,NA
2021-02-16,49133.45,130.183,1781.99,NA
2021-02-17,52119.71,165.3233,1849.88,NA
2021-02-18,51552.6,195.6,1939.61,NA
2021-02-19,55906,333.111,1955,NA
2021-02-20,55841.19,253,1913,NA
2021-02-21,57408.57,295.2597,1933.53,NA
2021-02-22,54087.67,267.5147,1777.58,NA
2021-02-23,48891,231.3646,1577.89,NA
2021-02-24,49676.2,254.5056,1623.39,NA
2021-02-25,47073.73,234.9146,1481.75,NA
2021-02-26,46276.87,221.717,1444.59,NA
2021-02-27,46106.43,225.3853,1458.13,NA
2021-02-28,45135.66,210.2138,1419.18,NA
2021-03-01,49587.03,254.9637,1569.86,NA
2021-03-02,48440.65,239.6841,1486.78,NA
2021-03-03,50349.37,240.5701,1567.69,NA
2021-03-04,48374.09,229.6369,1539.23,NA
2021-03-05,48751.71,225.4714,1528.31,NA
2021-03-06,48882.2,226.3814,1650.35,NA
2021-03-07,50971.75,240.11,1726.16,NA
2021-03-08,52375.17,240.5509,1833.18,NA
2021-03-09,54884.5,293.2052,1870.51,NA
2021-03-10,55851.59,278.4499,1795.12,NA
2021-03-11,57773.16,290.0301,1825.78,NA
2021-03-12,57221.72,263.2201,1766.1,NA
2021-03-13,61188.39,276.2822,1922.35,NA
2021-03-14,58968.31,263.238,1848.1,NA
2021-03-15,55605.2,254.5144,1793.48,NA
2021-03-16,56900.75,258.5352,1805.12,NA
2021-03-17,58912.97,269.7896,1823.58,NA
2021-03-18,57648.16,261.4816,1776.08,NA
2021-03-19,58030.01,262.935,1809.1,NA
2021-03-20,58102.28,264.3023,1806.1,NA
2021-03-21,57351.56,264.6513,1782.98,NA
2021-03-22,54083.25,254.7976,1680.97,NA
2021-03-23,54340.89,255.4646,1668.08,NA
2021-03-24,52303.65,248.5236,1581.84,NA
2021-03-25,51293.78,233.9466,1585.74,NA
2021-03-26,55025.59,255.2105,1698.84,NA
2021-03-27,55817.14,269.2234,1712.63,NA
2021-03-28,55777.63,268.4263,1687.01,NA
2021-03-29,57635.47,275.2991,1816.74,NA
2021-03-30,58746.57,311.2962,1840.46,NA
2021-03-31,58740.55,302.3724,1919.37,NA
2021-04-01,58720.44,334.7991,1968.05,NA
2021-04-02,58950.01,338.2932,2133.69,NA
2021-04-03,57051.94,321.9497,2008.52,NA
2021-04-04,58202.01,348.8617,2075.69,NA
2021-04-05,59129.99,368.0263,2107.38,NA
2021-04-06,57991.15,403.3648,2112.21,NA
2021-04-07,55953.45,375.5538,1963.47,NA
2021-04-08,58077.52,418.7048,2080.46,NA
2021-04-09,58142.54,453.9937,2066.87,NA
2021-04-10,59769.13,471.2975,2133.49,NA
2021-04-11,60002.43,525.9275,2151.36,NA
2021-04-12,59860,596.7104,2137.69,NA
2021-04-13,63575,551.6442,2299.19,NA
2021-04-14,62959.53,550.0182,2432.6,NA
2021-04-15,63159.98,541.8824,2514.04,NA
2021-04-16,61334.8,508.2743,2422.67,NA
2021-04-17,60006.66,514.6861,2317.6,NA
2021-04-18,56150.01,481.4367,2235.64,NA
2021-04-19,55633.14,504.0322,2161.12,NA
2021-04-20,56425,586.3635,2330.03,NA
2021-04-21,53787.63,543.6327,2357.06,NA
2021-04-22,51690.96,505.2411,2397.94,NA
2021-04-23,51125.14,526.5357,2367.39,NA
2021-04-24,50047.84,496.992,2213.35,NA
2021-04-25,49066.77,505,2320.49,NA
2021-04-26,54001.39,535.33,2532.6,NA
2021-04-27,55011.97,568.78,2666.13,NA
2021-04-28,54846.22,562.78,2748.24,NA
2021-04-29,53555,599.7,2757.04,NA
2021-04-30,57694.27,622.65,2772.42,NA
2021-05-01,57800.37,620,2944.77,NA
2021-05-02,56578.21,621.78,2949.56,NA
2021-05-03,57169.39,676.15,3431.04,NA
2021-05-04,53200.01,609.3,3239.01,NA
2021-05-05,57436.11,651.1,3524.26,NA
2021-05-06,56393.68,633.99,3489.73,NA
2021-05-07,57314.75,624.3,3479.53,NA
2021-05-08,58862.05,646.1,3910.26,NA
2021-05-09,58240.84,661.74,3923.95,NA
2021-05-10,55816.14,631.1,3945.88,NA
2021-05-11,56670.02,671.91,4173.45,NA
2021-05-12,49631.32,594.65,3823.21,NA
2021-05-13,49670.97,571.1,3717.91,NA
2021-05-14,49841.45,602.61,4075.01,NA
2021-05-15,46762.99,563.41,3646.68,NA
2021-05-16,46431.5,564.32,3582.1,NA
2021-05-17,43538.04,512.07,3282.51,NA
2021-05-18,42849.78,507.88,3375.07,NA
2021-05-19,36690.09,334.8,2438.92,NA
2021-05-20,40526.64,391.17,2768.62,NA
2021-05-21,37252.01,326.01,2430.98,NA
2021-05-22,37449.73,299.76,2294.87,NA
2021-05-23,34655.25,260.72,2096.39,NA
2021-05-24,38796.29,345.64,2648.43,NA
2021-05-25,38324.72,343.18,2705.11,NA
2021-05-26,39241.91,379.16,2884.94,NA
2021-05-27,38529.98,369.67,2742.23,NA
2021-05-28,35663.49,328.82,2412.1,NA
2021-05-29,34605.15,305.04,2278.74,NA
2021-05-30,35641.27,325.57,2385.98,NA
2021-05-31,37253.81,353.33,2706.15,NA
2021-06-01,36693.09,362.39,2634.57,NA
2021-06-02,37568.68,401.54,2706.22,NA
2021-06-03,39246.79,428.48,2857.25,NA
2021-06-04,36829,390.7,2689.51,NA
2021-06-05,35513.2,390.08,2627.73,NA
2021-06-06,35796.31,393.73,2711.92,NA
2021-06-07,33552.79,357.96,2592.05,NA
2021-06-08,33380.81,352.5,2507.23,NA
2021-06-09,37388.05,375.54,2610.18,NA
2021-06-10,36675.72,351.94,2471.09,NA
2021-06-11,37331.98,345.75,2354.01,NA
2021-06-12,35546.11,343.7,2370.74,NA
2021-06-13,39020.57,365.8,2509.33,NA
2021-06-14,40516.29,370.19,2580.77,NA
2021-06-15,40144.04,366.48,2543.54,NA
2021-06-16,38349.01,347.22,2367.89,NA
2021-06-17,38092.97,352.85,2373.28,NA
2021-06-18,35819.84,337.16,2234.09,NA
2021-06-19,35483.72,334.01,2164.67,NA
2021-06-20,35600.16,339.08,2243.47,NA
2021-06-21,31608.93,270.76,1885.49,NA
2021-06-22,32509.56,262.1,1879.28,NA
2021-06-23,33678.07,296.25,1968.14,NA
2021-06-24,34663.09,308.62,1989.52,NA
2021-06-25,31584.45,280.81,1808.82,NA
2021-06-26,32283.65,279.65,1829.64,NA
2021-06-27,34700.34,290.87,1982.28,NA
2021-06-28,34494.89,290,2084.41,NA
2021-06-29,35911.73,300.79,2165.33,NA
2021-06-30,35045,303.71,2275.68,NA
2021-07-01,33504.69,287.43,2106.41,NA
2021-07-02,33786.55,287.17,2154.13,NA
2021-07-03,34669.13,298.13,2226.99,NA
2021-07-04,35286.51,307.62,2322.69,NA
2021-07-05,33690.14,302.02,2196.53,NA
2021-07-06,34220.01,319.92,2322.5,NA
2021-07-07,33862.12,327.51,2316.57,NA
2021-07-08,32875.71,310.14,2116.33,NA
2021-07-09,33815.81,317.09,2146.99,NA
2021-07-10,33502.87,316.12,2110.69,NA
2021-07-11,34258.99,322.16,2140.45,NA
2021-07-12,33086.63,316.12,2031.58,NA
2021-07-13,32729.77,308.94,1940.15,NA
2021-07-14,32820.02,309.4,1994.58,NA
2021-07-15,31880,316.11,1919.51,NA
2021-07-16,31383.87,302.88,1876.26,NA
2021-07-17,31520.07,300.52,1899.59,NA
2021-07-18,31778.56,302.1,1891.64,NA
2021-07-19,30839.65,280.54,1818.73,NA
2021-07-20,29790.35,264.44,1786.03,NA
2021-07-21,32144.51,293.26,1995.5,NA
2021-07-22,32287.83,293.36,2024.56,NA
2021-07-23,33634.09,299.27,2124.25,NA
2021-07-24,34258.14,301.56,2184.75,NA
2021-07-25,35381.02,302.56,2189.79,NA
2021-07-26,37237.6,304,2228.08,NA
2021-07-27,39457.87,313.48,2299.49,NA
2021-07-28,40019.56,313.8,2300.9,NA
2021-07-29,40016.48,317.03,2382.92,NA
2021-07-30,42206.37,322.58,2461.81,NA
2021-07-31,41461.83,332.38,2531.05,NA
2021-08-01,39845.44,332.59,2555.69,NA
2021-08-02,39147.82,330.55,2606.93,NA
2021-08-03,38207.05,323.43,2509.04,NA
2021-08-04,39723.18,334.77,2724.78,NA
2021-08-05,40862.46,337.91,2826.99,NA
2021-08-06,42836.87,342.39,2891.58,NA
2021-08-07,44572.54,356.18,3160.31,NA
2021-08-08,43794.37,341.79,3011.85,NA
2021-08-09,46253.4,354.32,3160.52,NA
2021-08-10,45584.99,371.92,3141.66,NA
2021-08-11,45511,390.96,3160.5,NA
2021-08-12,44399,385.66,3045.96,NA
2021-08-13,47800,410.76,3322.32,NA
2021-08-14,47068.51,408.67,3263.16,NA
2021-08-15,46973.82,414.05,3307.09,NA
2021-08-16,45901.29,415.72,3146.53,NA
2021-08-17,44695.95,401.8,3011.72,NA
2021-08-18,44705.29,396.15,3014.55,NA
2021-08-19,46760.62,431.27,3184.12,NA
2021-08-20,49322.47,454.93,3284.82,NA
2021-08-21,48821.87,448.74,3223.43,NA
2021-08-22,49239.22,448.68,3238,NA
2021-08-23,49488.85,499.06,3321.28,NA
2021-08-24,47674.01,471.62,3170.62,NA
2021-08-25,48973.32,503.19,3226.87,NA
2021-08-26,46843.87,478.1,3093.2,NA
2021-08-27,49069.9,494.5,3273.45,NA
2021-08-28,48895.35,486.2,3244.48,NA
2021-08-29,48767.83,479.7,3223.47,NA
2021-08-30,46982.91,460.3,3229.64,NA
2021-08-31,47100.89,463.9,3429.2,NA
2021-09-01,48810.52,489.4,3826.82,NA
2021-09-02,49246.64,483.7,3785.82,NA
2021-09-03,49999.14,488.5,3938.11,NA
2021-09-04,49915.64,497.7,3885.52,NA
2021-09-05,51756.88,504.8,3950.29,NA
2021-09-06,52663.9,496.1,3926.77,NA
2021-09-07,46863.73,418.7,3434.57,NA
2021-09-08,46048.31,415,3499,NA
2021-09-09,46395.14,421.3,3424.93,NA
2021-09-10,44850.91,401.4,3208.86,NA
2021-09-11,45173.69,405.1,3267.21,NA
2021-09-12,46025.24,416.3,3404.21,NA
2021-09-13,44940.73,399.1,3285.35,NA
2021-09-14,47111.52,414.3,3434.37,NA
2021-09-15,48121.41,431.3,3613.55,NA
2021-09-16,47737.82,424.3,3567.98,NA
2021-09-17,47299.98,406.6,3399.81,NA
2021-09-18,48292.74,410.7,3435.64,NA
2021-09-19,47241.75,408.6,3328.62,NA
2021-09-20,43015.62,364.1,2977.28,NA
2021-09-21,40734.38,344.4,2765.9,NA
2021-09-22,43543.61,379,3076.92,NA
2021-09-23,44865.26,383.5,3152.5,NA
2021-09-24,42810.57,355,2928.53,NA
2021-09-25,42670.64,349.6,2921.73,NA
2021-09-26,43160.9,344,3059.37,NA
2021-09-27,42147.35,335.5,2925.59,NA
2021-09-28,41026.54,333,2804.91,NA
2021-09-29,41524.28,367.7,2850.45,NA
2021-09-30,43824.1,387.5,3000.61,NA
2021-10-01,48141.61,421.5,3309.91,NA
2021-10-02,47634.9,427.1,3387.76,NA
2021-10-03,48200.01,430.5,3417.73,NA
2021-10-04,49224.94,426.3,3386.31,NA
2021-10-05,51471.99,442.1,3515.27,NA
2021-10-06,55315,434.9,3574.89,NA
2021-10-07,53785.22,438.5,3587.47,NA
2021-10-08,53951.43,419.2,3563.13,NA
2021-10-09,54949.72,421.9,3574.82,NA
2021-10-10,54659,404.1,3414.22,NA
2021-10-11,57471.35,413.1,3542.12,NA
2021-10-12,55996.93,444.2,3491.46,NA
2021-10-13,57367,470.8,3607.42,NA
2021-10-14,57347.94,472.7,3790.82,NA
2021-10-15,61672.42,474.5,3868.99,NA
2021-10-16,60875.57,465.8,3829.96,NA
2021-10-17,61528.33,470.9,3846.85,NA
2021-10-18,62009.84,484.9,3744.96,NA
2021-10-19,64280.59,488.1,3877.03,NA
2021-10-20,66001.41,501.3,4161.15,NA
2021-10-21,62193.15,470.9,4052.99,NA
2021-10-22,60688.22,479.3,3972.2,NA
2021-10-23,61286.75,485.5,4167.12,NA
2021-10-24,60852.22,475.8,4082.33,NA
2021-10-25,63078.78,485.1,4220.37,NA
2021-10-26,60328.81,478.1,4131.52,NA
2021-10-27,58413.44,448.7,3922,NA
2021-10-28,60575.89,491.9,4286.02,NA
2021-10-29,62253.71,530.3,4418.89,NA
2021-10-30,61859.19,528.3,4322.68,NA
2021-10-31,61299.8,524.6,4287.21,NA
2021-11-01,60911.11,551.3,4319.43,NA
2021-11-02,63219.99,554.4,4589.89,NA
2021-11-03,62896.48,568.4,4603.35,NA
2021-11-04,61395.01,558.7,4532.32,NA
2021-11-05,60937.12,607.3,4474.24,NA
2021-11-06,61470.61,637.7,4518,NA
2021-11-07,63273.59,649.6,4612.59,NA
2021-11-08,67525.83,653.5,4807.98,NA
2021-11-09,66947.66,635,4732.33,NA
2021-11-10,64882.43,614.1,4628.78,NA
2021-11-11,64774.26,628.4,4719,NA
2021-11-12,64122.23,626.9,4665.46,NA
2021-11-13,64380,649.5,4644.28,NA
2021-11-14,65519.1,650.8,4626.5,NA
2021-11-15,63606.74,633.8,4563.78,NA
2021-11-16,60058.87,588.7,4209.76,NA
2021-11-17,60344.87,578,4287.8,NA
2021-11-18,56891.62,531.8,3996.9,NA
2021-11-19,58052.24,581,4294.76,NA
2021-11-20,59707.51,604.3,4412.17,NA
2021-11-21,58622.02,584,4258.31,NA
2021-11-22,56247.18,559.3,4085.97,NA
2021-11-23,57541.27,591.1,4339.44,NA
2021-11-24,57138.29,590.3,4269.36,NA
2021-11-25,58960.36,639.1,4524.85,NA
2021-11-26,53726.53,587.3,4041.2,NA
2021-11-27,54721.03,599.9,4095.29,NA
2021-11-28,57274.88,611.3,4294.78,NA
2021-11-29,57776.25,623.4,4444.53,NA
2021-11-30,56950.56,622.5,4630.26,NA
2021-12-01,57184.07,627.5,4582.95,NA
2021-12-02,56480.34,619.9,4511.21,NA
2021-12-03,53601.05,595,4215.73,NA
2021-12-04,49152.47,568.6,4117.25,NA
2021-12-05,49396.33,557.8,4196.44,NA
2021-12-06,50441.92,587.5,4347.59,NA
2021-12-07,50588.95,578.7,4306.4,NA
2021-12-08,50471.19,607.2,4436.91,NA
2021-12-09,47545.59,570.2,4105.64,NA
2021-12-10,47140.54,552.4,3897.94,NA
2021-12-11,49389.99,564.5,4089.37,NA
2021-12-12,50053.9,570.3,4130,NA
2021-12-13,46702.75,521,3781.93,NA
2021-12-14,48343.28,528.1,3858.99,NA
2021-12-15,48864.98,541.1,4019.08,NA
2021-12-16,47632.38,526.2,3958.11,NA
2021-12-17,46131.2,525.5,3875.42,NA
2021-12-18,46834.48,533.9,3959.93,NA
2021-12-19,46681.23,529.8,3924.14,NA
2021-12-20,46914.16,524,3944.73,NA
2021-12-21,48889.88,528.3,4014.15,NA
2021-12-22,48588.16,533.6,3979.51,NA
2021-12-23,50838.81,549,4111.41,NA
2021-12-24,50820,542.1,4046.36,NA
2021-12-25,50399.66,547.4,4094.83,NA
2021-12-26,50775.49,546.4,4063.56,NA
2021-12-27,50701.44,563.7,4037.23,NA
2021-12-28,47543.74,534.2,3792.75,NA
2021-12-29,46464.66,514.5,3630.19,NA
2021-12-30,47120.87,518.5,3709.27,NA
2021-12-31,46216.93,511.4,3676.23,NA
2022-01-01,47722.65,527.3,3765.54,NA
2022-01-02,47286.18,531,3828.27,NA
2022-01-03,46446.1,511.9,3765.89,NA
2022-01-04,45832.01,506.9,3785.11,NA
2022-01-05,43451.13,474.1,3540.63,NA
2022-01-06,43082.31,472.6,3406.81,NA
2022-01-07,41566.48,448.1,3199.24,NA
2022-01-08,41679.74,429.9,3080.95,NA
2022-01-09,41864.62,438.7,3151.97,NA
2022-01-10,41822.49,424.7,3082.68,NA
2022-01-11,42729.29,463.6,3239.72,NA
2022-01-12,43902.66,487.8,3371.26,NA
2022-01-13,42560.11,475.2,3240.61,NA
2022-01-14,43059.96,490,3307.42,NA
2022-01-15,43084.29,494.5,3326.04,NA
2022-01-16,43071.66,498.6,3346.88,NA
2022-01-17,42201.62,475.2,3209.67,NA
2022-01-18,42352.12,471.4,3159.85,NA
2022-01-19,41660.01,461.9,3084.02,NA
2022-01-20,40680.91,440.2,3001.48,NA
2022-01-21,36445.31,383.9,2568.15,NA
2022-01-22,35071.42,358.3,2412.18,NA
2022-01-23,36244.55,383.9,2539.01,NA
2022-01-24,36660.35,371.3,2439.29,NA
2022-01-25,36958.32,385.1,2458.83,NA
2022-01-26,36809.34,375.1,2462.99,NA
2022-01-27,37160.1,389.9,2424.25,NA
2022-01-28,37716.56,385.9,2544.99,NA
2022-01-29,38166.84,389.3,2601.43,NA
2022-01-30,37881.76,377.2,2601.68,NA
2022-01-31,38466.9,374.3,2686.94,NA
2022-02-01,38694.59,384.2,2787.23,NA
2022-02-02,36896.36,366.9,2680.67,NA
2022-02-03,37311.61,372.3,2695.46,NA
2022-02-04,41574.25,399.5,2994.99,NA
2022-02-05,41382.59,413.7,3012.65,NA
2022-02-06,42380.87,419.9,3054.99,NA
2022-02-07,43839.99,433.5,3139.77,NA
2022-02-08,44042.99,407.8,3116.69,NA
2022-02-09,44372.72,422.9,3243.94,NA
2022-02-10,43495.44,414.7,3072.49,NA
2022-02-11,42373.73,400,2927.54,NA
2022-02-12,42217.87,403.6,2918.88,NA
2022-02-13,42053.66,397.9,2871.13,NA
2022-02-14,42535.94,403.4,2929.75,NA
2022-02-15,44544.86,432.4,3183.52,NA
2022-02-16,43873.56,427.3,3122.3,NA
2022-02-17,40515.7,402.4,2891.87,NA
2022-02-18,39974.44,399.2,2779.48,NA
2022-02-19,40079.17,399.8,2763.63,NA
2022-02-20,38386.89,380.6,2621.99,NA
2022-02-21,37008.16,356.6,2568.02,NA
2022-02-22,38230.33,374.3,2636.29,NA
2022-02-23,37250.01,365.6,2579.71,NA
2022-02-24,38327.21,361.2,2596.2,NA
2022-02-25,39219.17,375,2768.49,NA
2022-02-26,39116.72,373.7,2779.47,NA
2022-02-27,37699.07,360.1,2616.79,NA
2022-02-28,43160,395.6,2920.95,NA
2022-03-01,44421.2,408.7,2976.33,NA
2022-03-02,43892.98,409.3,2947.3,NA
2022-03-03,42454,402.6,2833.99,NA
2022-03-04,39148.66,374.2,2622.1,NA
2022-03-05,39397.96,384.7,2665.15,NA
2022-03-06,38420.81,375,2551.29,NA
2022-03-07,37988,380.6,2491.12,NA
2022-03-08,38730.63,381.4,2575.97,NA
2022-03-09,41941.71,393.2,2726.98,NA
2022-03-10,39422,372,2606.7,NA
2022-03-11,38729.57,371.9,2556.86,NA
2022-03-12,38807.36,372.4,2568.8,NA
2022-03-13,37777.34,361.4,2515.65,NA
2022-03-14,39671.37,373.4,2589.41,NA
2022-03-15,39280.33,371.7,2617.73,NA
2022-03-16,41114,385.4,2773.81,NA
2022-03-17,40917.9,391.8,2811.92,NA
2022-03-18,41757.51,397.2,2938.92,NA
2022-03-19,42201.13,399.9,2950.84,NA
2022-03-20,41262.11,390.8,2861.38,NA
2022-03-21,41002.25,396,2890.03,NA
2022-03-22,42364.13,404.3,2969.64,NA
2022-03-23,42882.76,408.4,3036,NA
2022-03-24,43991.46,414.2,3110.76,NA
2022-03-25,44313.16,410.3,3102.14,NA
2022-03-26,44511.27,415.8,3145,NA
2022-03-27,46827.76,430.5,3295.65,NA
2022-03-28,47122.21,430.2,3332.92,NA
2022-03-29,47434.8,434.2,3400.51,NA
2022-03-30,47067.99,442.1,3385.79,NA
2022-03-31,45510.34,428.9,3281.51,NA
2022-04-01,46283.49,447.7,3455.21,NA
2022-04-02,45811,437.2,3443.77,NA
2022-04-03,46407.35,450.4,3521.91,NA
2022-04-04,46580.51,447.6,3519.5,NA
2022-04-05,45497.55,444.7,3406.99,NA
2022-04-06,43170.47,420.1,3168.51,NA
2022-04-07,43444.19,436,3227.19,NA
2022-04-08,42252.01,421.5,3192.39,NA
2022-04-09,42753.97,426.6,3258.57,NA
2022-04-10,42158.85,418.1,3203.04,NA
2022-04-11,39530.45,394.6,2979.74,NA
2022-04-12,40074.94,413.6,3027.66,NA
2022-04-13,41147.79,423.4,3118.28,NA
2022-04-14,39942.38,414.7,3021.98,NA
2022-04-15,40551.9,417.3,3040.56,NA
2022-04-16,40378.71,417.3,3059.3,NA
2022-04-17,39678.12,406.6,2988.06,NA
2022-04-18,40801.13,416.8,3055.56,NA
2022-04-19,41493.18,422.3,3101.77,NA
2022-04-20,41358.19,418.4,3076.04,NA
2022-04-21,40480.01,404.9,2983.58,NA
2022-04-22,39709.18,406.6,2962.39,NA
2022-04-23,39441.6,401.1,2933.03,NA
2022-04-24,39450.13,398.8,2921,NA
2022-04-25,40426.08,404.3,3006.62,NA
2022-04-26,38112.65,385.9,2809.67,NA
2022-04-27,39235.72,391.3,2888.96,NA
2022-04-28,39742.07,407.1,2936.93,NA
2022-04-29,38596.11,393,2817.13,NA
2022-04-30,37630.8,377.1,2726.66,NA
2022-05-01,38468.35,389.9,2824.81,NA
2022-05-02,38525.16,389.5,2856.54,NA
2022-05-03,37728.95,383.9,2781.7,NA
2022-05-04,39690,402.6,2940.64,NA
2022-05-05,36552.97,378.4,2747.97,NA
2022-05-06,36013.77,379.1,2692.85,NA
2022-05-07,35472.39,365.5,2635.34,NA
2022-05-08,34038.4,355.9,2519.71,NA
2022-05-09,30076.31,296.1,2228.55,NA
2022-05-10,31017.1,319.1,2342.05,NA
2022-05-11,29103.94,271.5,2084.99,NA
2022-05-12,29029.75,269,1960.22,NA
2022-05-13,29287.05,290.6,2009.69,NA
2022-05-14,30086.74,296.9,2056.48,NA
2022-05-15,31328.89,312.4,2145.29,NA
2022-05-16,29874.01,297.2,2023.66,NA
2022-05-17,30444.93,306.2,2090.72,NA
2022-05-18,28715.32,287.7,1915.11,NA
2022-05-19,30319.23,307.1,2019.55,NA
2022-05-20,29201.01,302.2,1959.08,NA
2022-05-21,29445.06,312.4,1975.07,NA
2022-05-22,30293.94,319.4,2043.19,NA
2022-05-23,29109.15,317.2,1973.32,NA
2022-05-24,29654.58,328.3,1979.41,NA
2022-05-25,29542.15,325.7,1942.63,NA
2022-05-26,29201.35,303,1792.23,NA
2022-05-27,28629.8,301.6,1727.27,NA
2022-05-28,29031.33,307.5,1792.22,NA
2022-05-29,29468.1,305.8,1813.64,NA
2022-05-30,31734.22,321.8,1998.78,NA
2022-05-31,31801.04,320.9,1941.9,NA
2022-06-01,29805.83,300.4,1817.95,NA
2022-06-02,30452.62,308.3,1834.08,NA
2022-06-03,29700.21,298.6,1775.12,NA
2022-06-04,29864.04,301.3,1804.58,NA
2022-06-05,29919.21,299.1,1806.23,NA
2022-06-06,31373.1,295.1,1859.84,NA
2022-06-07,31125.33,290.3,1813.33,NA
2022-06-08,30204.77,288.5,1791.88,NA
2022-06-09,30109.93,289.9,1788.81,NA
2022-06-10,29091.88,286.4,1662.91,NA
2022-06-11,28424.7,269.9,1532.89,NA
2022-06-12,26574.53,254.8,1434.84,NA
2022-06-13,22487.41,223,1209.82,NA
2022-06-14,22136.41,223,1208.9,NA
2022-06-15,22583.72,233.6,1237.52,NA
2022-06-16,20401.31,210.2,1068.5,NA
2022-06-17,20468.81,215.8,1086.94,NA
2022-06-18,18970.79,197,995.13,NA
2022-06-19,20574,215.1,1128.53,NA
2022-06-20,20573.89,216.5,1128.24,NA
2022-06-21,20723.52,220.1,1125.85,NA
2022-06-22,19987.99,214.4,1050.19,NA
2022-06-23,21110.13,228.9,1144.72,NA
2022-06-24,21237.69,240.2,1225.02,NA
2022-06-25,21491.19,239.7,1242.36,NA
2022-06-26,21038.07,233.9,1197.79,NA
2022-06-27,20742.56,233.8,1192.51,NA
2022-06-28,20281.29,226.9,1144.05,NA
2022-06-29,20123.01,219.7,1100.21,NA
2022-06-30,19942.21,219.6,1071.01,NA
2022-07-01,19279.8,216.9,1059.73,NA
2022-07-02,19252.81,218.3,1067.01,NA
2022-07-03,19315.83,219.2,1074.26,NA
2022-07-04,20236.71,231.5,1151,NA
2022-07-05,20175.83,230.8,1132.5,NA
2022-07-06,20564.51,238.6,1186.57,NA
2022-07-07,21624.98,241.4,1237.49,NA
2022-07-08,21594.75,240.7,1214.04,NA
2022-07-09,21591.83,243.3,1217.02,NA
2022-07-10,20862.47,234.7,1168.36,NA
2022-07-11,19963.61,225.6,1096.4,NA
2022-07-12,19328.75,220.6,1038.58,NA
2022-07-13,20234.87,230.5,1115,NA
2022-07-14,20588.84,238.5,1193.42,NA
2022-07-15,20830.04,238.5,1231.25,NA
2022-07-16,21195.6,249.8,1355.85,NA
2022-07-17,20798.16,247.8,1338.65,NA
2022-07-18,22432.58,264.1,1581.04,NA
2022-07-19,23396.62,268.6,1542.32,NA
2022-07-20,23223.3,258.2,1521.58,NA
2022-07-21,23152.19,265.6,1575.45,NA
2022-07-22,22684.83,262.4,1535.27,NA
2022-07-23,22451.07,259.2,1548.67,NA
2022-07-24,22579.68,261.4,1597.7,NA
2022-07-25,21310.9,244.6,1440.79,NA
2022-07-26,21254.67,249.4,1449.12,NA
2022-07-27,22952.45,271.6,1635.74,NA
2022-07-28,23842.93,277.2,1724.52,NA
2022-07-29,23773.75,293.6,1721.68,NA
2022-07-30,23643.51,287.8,1697,NA
2022-07-31,23293.32,283.4,1678.12,NA
2022-08-01,23268.01,283.2,1630.28,NA
2022-08-02,22987.79,283.8,1630.91,NA
2022-08-03,22818.37,297.5,1618.16,NA
2022-08-04,22622.98,311.8,1607.96,NA
2022-08-05,23312.42,315.9,1736.81,NA
2022-08-06,22954.21,315.2,1690.6,NA
2022-08-07,23174.39,322.8,1700.19,NA
2022-08-08,23810,324.9,1777.05,NA
2022-08-09,23149.95,324.4,1702.76,NA
2022-08-10,23954.05,328.8,1853.57,NA
2022-08-11,23934.39,323.6,1880.19,NA
2022-08-12,24403.68,327.9,1958.28,NA
2022-08-13,24441.38,324.3,1983.55,NA
2022-08-14,24305.24,317.6,1935.31,NA
2022-08-15,24094.82,319.5,1899.06,NA
2022-08-16,23854.74,316.1,1876.67,NA
2022-08-17,23342.66,306.9,1834.25,NA
2022-08-18,23191.2,298.1,1846.39,NA
2022-08-19,20834.39,279.1,1609.01,NA
2022-08-20,21140.07,283.7,1576.04,NA
2022-08-21,21515.61,301.9,1618.13,NA
2022-08-22,21399.83,300,1624.66,NA
2022-08-23,21529.12,299.3,1665.41,NA
2022-08-24,21368.08,296.4,1656.56,NA
2022-08-25,21559.04,301.2,1695.11,NA
2022-08-26,20241.05,279.6,1508.18,NA
2022-08-27,20037.6,277.9,1491.06,NA
2022-08-28,19555.61,276.5,1426.76,NA
2022-08-29,20285.73,285.9,1551.8,NA
2022-08-30,19811.66,281.6,1524.59,NA
2022-08-31,20050.02,279.2,1554.1,NA
2022-09-01,20131.46,278.3,1586.16,NA
2022-09-02,19951.86,277.5,1575.35,NA
2022-09-03,19831.9,277.8,1557.46,NA
2022-09-04,20000.3,279.1,1579.28,NA
2022-09-05,19796.84,276.9,1617.8,NA
2022-09-06,18790.61,262.5,1559.01,NA
2022-09-07,19292.84,278.9,1630,NA
2022-09-08,19319.77,280.5,1635.37,NA
2022-09-09,21360.11,293.4,1718.23,NA
2022-09-10,21648.34,296.7,1774.12,NA
2022-09-11,21826.87,295.3,1766.11,NA
2022-09-12,22395.74,294.1,1716.37,NA
2022-09-13,20173.57,277.4,1574.4,NA
2022-09-14,20226.71,279.3,1638.39,NA
2022-09-15,19701.88,271.1,1472.75,NA
2022-09-16,19803.3,274.9,1433.9,NA
2022-09-17,20113.62,279.1,1468.83,NA
2022-09-18,19416.18,266.2,1334.51,NA
2022-09-19,19537.02,271.9,1375.98,NA
2022-09-20,18875,266.3,1322.93,NA
2022-09-21,18461.36,264,1245.78,NA
2022-09-22,19401.63,275.3,1326.46,NA
2022-09-23,19289.91,276.7,1327.25,NA
2022-09-24,18920.5,274.4,1317.13,NA
2022-09-25,18807.38,274.3,1294.63,NA
2022-09-26,19227.82,276.1,1336.17,NA
2022-09-27,19079.13,272.3,1328.02,NA
2022-09-28,19412.82,281.6,1337.2,NA
2022-09-29,19591.51,284.1,1335.7,NA
2022-09-30,19422.61,284.8,1328.72,NA
2022-10-01,19310.95,282.9,1311.79,NA
2022-10-02,19056.8,284.7,1276.72,NA
2022-10-03,19629.08,286.9,1323.09,NA
2022-10-04,20337.82,296.2,1361.49,NA
2022-10-05,20158.26,294.2,1352.2,NA
2022-10-06,19960.67,287,1352.06,NA
2022-10-07,19530.09,282.3,1331.1,NA
2022-10-08,19417.96,276.4,1315.48,NA
2022-10-09,19439.02,278.2,1323.13,NA
2022-10-10,19131.87,271.5,1290.03,NA
2022-10-11,19060,271.4,1280.11,NA
2022-10-12,19155.53,270.9,1294.44,NA
2022-10-13,19375.13,271.6,1287.08,NA
2022-10-14,19176.93,269.4,1296.27,NA
2022-10-15,19069.39,268.2,1274.92,NA
2022-10-16,19262.98,272.5,1305.95,NA
2022-10-17,19549.86,275.6,1331.4,NA
2022-10-18,19327.44,273.1,1310.71,NA
2022-10-19,19123.97,272,1285.09,NA
2022-10-20,19041.92,269,1282.57,NA
2022-10-21,19164.37,270.1,1299.75,NA
2022-10-22,19204.35,270.4,1313.61,NA
2022-10-23,19570.4,276,1364.2,NA
2022-10-24,19329.72,274.1,1343.61,NA
2022-10-25,20080.07,284.2,1459.74,NA
2022-10-26,20771.59,290.2,1566.1,NA
2022-10-27,20295.11,286.7,1514.05,NA
2022-10-28,20591.84,297.9,1554.41,NA
2022-10-29,20809.67,304.4,1619.55,NA
2022-10-30,20627.48,313.5,1590.44,NA
2022-10-31,20490.74,325.7,1572.69,NA
2022-11-01,20483.62,323.9,1578.48,NA
2022-11-02,20151.84,320.2,1518.34,NA
2022-11-03,20207.82,329.5,1531.01,NA
2022-11-04,21148.52,354.6,1644.78,NA
2022-11-05,21299.37,349.2,1626.98,NA
2022-11-06,20905.58,337.9,1568.29,NA
2022-11-07,20591.13,337,1568.1,NA
2022-11-08,18547.23,327.4,1334.77,NA
2022-11-09,15922.81,267.3,1102.73,NA
2022-11-10,17601.15,304,1299.28,NA
2022-11-11,17070.31,290.4,1289.28,NA
2022-11-12,16812.08,282.8,1257.25,NA
2022-11-13,16329.85,276.4,1221.49,NA
2022-11-14,16619.46,279,1243.28,NA
2022-11-15,16900.57,277,1253.23,NA
2022-11-16,16662.76,271.8,1216.17,NA
2022-11-17,16692.56,267.9,1200.43,NA
2022-11-18,16700.45,274.1,1212.58,NA
2022-11-19,16700.68,272.6,1217.67,NA
2022-11-20,16280.23,264.2,1142.21,NA
2022-11-21,15781.29,253.9,1107.34,NA
2022-11-22,16226.94,266.7,1139.6,NA
2022-11-23,16603.11,298.8,1184.52,NA
2022-11-24,16598.95,300.2,1203.73,NA
2022-11-25,16522.14,300.8,1199.3,NA
2022-11-26,16458.57,311.4,1205.6,NA
2022-11-27,16428.78,307.6,1193.88,NA
2022-11-28,16212.91,293.5,1167.77,NA
2022-11-29,16442.53,295.4,1216.49,NA
2022-11-30,17163.64,300.6,1294.46,NA
2022-12-01,16977.37,292.3,1276.41,NA
2022-12-02,17092.74,293.4,1295.59,NA
2022-12-03,16885.2,290.4,1240.51,NA
2022-12-04,17105.7,291.8,1279.41,NA
2022-12-05,16966.35,288.4,1259.41,NA
2022-12-06,17088.96,290.2,1271.32,NA
2022-12-07,16836.64,284.2,1231.18,NA
2022-12-08,17224.1,290.4,1280.18,NA
2022-12-09,17128.56,286,1263.1,NA
2022-12-10,17127.49,288.2,1266.35,NA
2022-12-11,17085.05,284.4,1263.01,NA
2022-12-12,17209.83,276.1,1275.4,NA
2022-12-13,17774.7,272.2,1320.69,NA
2022-12-14,17803.15,267.7,1307.44,NA
2022-12-15,17356.34,258.8,1266.54,NA
2022-12-16,16632.12,231.2,1166.83,NA
2022-12-17,16776.52,242.1,1187.16,NA
2022-12-18,16738.21,251,1183.06,NA
2022-12-19,16438.88,240.4,1167.82,NA
2022-12-20,16895.56,251.4,1216.94,NA
2022-12-21,16824.67,246.2,1213.78,NA
2022-12-22,16821.43,245.8,1217.71,NA
2022-12-23,16778.5,246.2,1219.99,NA
2022-12-24,16836.12,244.5,1220.41,NA
2022-12-25,16832.11,243.2,1218.51,NA
2022-12-26,16919.39,244.3,1228.11,NA
2022-12-27,16706.36,246.7,1211.55,NA
2022-12-28,16547.31,244.5,1190.15,NA
2022-12-29,16633.47,246.3,1200.49,NA
2022-12-30,16607.48,245.8,1199.99,NA
2022-12-31,16542.4,246.3,1196.13,NA
2023-01-01,16616.75,244.4,1200.34,0.3385
2023-01-02,16672.87,245.2,1214,0.3366
2023-01-03,16675.18,246.1,1214.55,0.3459
2023-01-04,16850.36,258.9,1256.9,0.3432
2023-01-05,16831.85,256.7,1251.24,0.3459
2023-01-06,16950.65,259.9,1269.14,0.3404
2023-01-07,16943.57,261.3,1264.07,0.3445
2023-01-08,17127.83,274.9,1290.16,0.3407
2023-01-09,17178.26,272.6,1320.39,0.347
2023-01-10,17440.66,277.1,1335.62,0.352
2023-01-11,17943.26,284.8,1389.39,0.3505
2023-01-12,18846.62,287.7,1415.92,0.3746
2023-01-13,19930.01,293.7,1451.2,0.3732
2023-01-14,20954.92,305.1,1549.9,0.3937
2023-01-15,20871.5,302.2,1552.52,0.3896
2023-01-16,21185.65,299,1576.94,0.3872
2023-01-17,21134.81,299.4,1565.57,0.3847
2023-01-18,20677.47,286.7,1511.43,0.3873
2023-01-19,21071.59,294.6,1551.09,0.3786
2023-01-20,22667.21,305.1,1658.52,0.3902
2023-01-21,22783.55,299,1626.66,0.4081
2023-01-22,22707.88,303,1627.44,0.4053
2023-01-23,22916.45,305.1,1626.29,0.4036
2023-01-24,22632.89,300.3,1555.97,0.4242
2023-01-25,23060.94,306.9,1611.94,0.4054
2023-01-26,23009.65,304.7,1601.09,0.4166
2023-01-27,23074.16,308,1597.62,0.4072
2023-01-28,23022.6,306.1,1572.1,0.4141
2023-01-29,23742.3,317.2,1644.72,0.4106
2023-01-30,22826.15,307.2,1566.2,0.4192
2023-01-31,23125.13,312,1585.33,0.3923
2023-02-01,23732.66,317,1641.68,0.403
2023-02-02,23488.94,323.5,1643.12,0.4167
2023-02-03,23431.9,332.2,1663.52,0.4105
2023-02-04,23326.84,330.4,1666.38,0.4113
2023-02-05,22932.91,327.8,1629.02,0.4093
2023-02-06,22762.52,324.3,1614.29,0.4027
2023-02-07,23240.46,333,1671.03,0.3917
2023-02-08,22963,328.2,1650.43,0.4041
2023-02-09,21796.35,306.2,1545.35,0.3989
2023-02-10,21625.19,305.8,1513.06,0.3833
2023-02-11,21862.55,310.4,1538.51,0.3814
2023-02-12,21783.54,312.6,1514.83,0.3828
2023-02-13,21773.97,294.3,1505.24,0.3764
2023-02-14,22199.84,296.2,1555.71,0.3662
2023-02-15,24324.05,317.4,1674.92,0.3794
2023-02-16,23517.72,304.4,1637.84,0.399
2023-02-17,24569.97,313,1693.87,0.3867
2023-02-18,24631.95,316.5,1691.62,0.3938
2023-02-19,24271.76,311.5,1679.75,0.3952
2023-02-20,24842.2,315.4,1703.27,0.3872
2023-02-21,24452.16,311.5,1659.76,0.3961
2023-02-22,24182.21,312.4,1643.14,0.3903
2023-02-23,23940.2,308.3,1650.53,0.3927
2023-02-24,23185.29,302.3,1607.8,0.389
2023-02-25,23157.07,302.4,1594.58,0.3781
2023-02-26,23554.85,308.7,1641.36,0.3773
2023-02-27,23492.09,304.6,1633.45,0.3779
2023-02-28,23141.57,301.4,1605.23,0.3779
2023-03-01,23628.97,302.7,1665.22,0.3742
2023-03-02,23465.32,299.8,1647.86,0.3821
2023-03-03,22354.34,290.4,1569.45,0.3779
2023-03-04,22346.57,289.6,1566.73,0.3769
2023-03-05,22430.24,288.7,1564.58,0.374
2023-03-06,22410,287.8,1565.84,0.3691
2023-03-07,22197.96,289.3,1561.96,0.3682
2023-03-08,21705.44,287.1,1532.38,0.3813
2023-03-09,20362.22,277.1,1437.32,0.3938
2023-03-10,20150.69,277.4,1426.44,0.3682
2023-03-11,20455.73,276,1471.97,0.3697
2023-03-12,21997.11,288.1,1580.33,0.3645
2023-03-13,24113.48,307.9,1673.45,0.3728
2023-03-14,24670.41,308.4,1699.4,0.3695
2023-03-15,24285.66,306.3,1649.96,0.3723
2023-03-16,24998.78,329.4,1673.73,0.3569
2023-03-17,27395.13,338.9,1789.27,0.3628
2023-03-18,26907.49,331,1758.84,0.3808
2023-03-19,27972.87,336.7,1780.68,0.3761
2023-03-20,27717.01,332.5,1732.78,0.3867
2023-03-21,28105.47,334.4,1801.23,0.3778
2023-03-22,27250.97,321.1,1734.33,0.4604
2023-03-23,28295.41,329.4,1813.79,0.4199
2023-03-24,27454.47,322.1,1749.57,0.4381
2023-03-25,27462.95,322.4,1741.88,0.4273
2023-03-26,27968.05,328.6,1773.88,0.4504
2023-03-27,27124.91,310.6,1715.22,0.4478
2023-03-28,27261.07,313.2,1772.99,0.4726
2023-03-29,28348.6,313.7,1793.07,0.5218
2023-03-30,28028.53,316.4,1793.61,0.5361
2023-03-31,28465.36,316.9,1821.52,0.5328
2023-04-01,28452.73,314.9,1820.79,0.5332
2023-04-02,28171.87,313.7,1794.51,0.5023
2023-04-03,27800,308.8,1810.51,0.5185
2023-04-04,28165.47,310.8,1870.37,0.4891
2023-04-05,28170.01,313.9,1908.69,0.5062
2023-04-06,28033.82,312.3,1872.41,0.4992
2023-04-07,27906.33,310.3,1863.72,0.5034
2023-04-08,27938.38,310.5,1848.82,0.508
2023-04-09,28323.76,312.8,1858.92,0.5079
2023-04-10,29637.34,318.5,1910.2,0.5048
2023-04-11,30200.42,322.3,1889.86,0.5153
2023-04-12,29888.07,319.9,1917.39,0.513
2023-04-13,30373.84,324.7,2012.01,0.5027
2023-04-14,30466.93,328.9,2099.99,0.5181
2023-04-15,30295.09,333,2090.6,0.519
2023-04-16,30304.65,347.7,2118.67,0.5217
2023-04-17,29430.27,340,2074,0.5111
2023-04-18,30380.01,343.1,2103.5,0.5121
2023-04-19,28797.1,322.4,1933.73,0.5281
2023-04-20,28243.65,318.1,1942.98,0.4947
2023-04-21,27262.84,321.2,1848.78,0.4747
2023-04-22,27816.85,332.2,1874.16,0.4468
2023-04-23,27590.6,330.7,1862,0.4654
2023-04-24,27510.93,331.2,1841.84,0.4817
2023-04-25,28300.79,338.4,1866.1,0.4589
2023-04-26,28415.29,330.6,1866.01,0.467
2023-04-27,29472.77,330.9,1908.68,0.4675
2023-04-28,29311.7,324.1,1890.94,0.4661
2023-04-29,29230.45,321.9,1907.8,0.4794
2023-04-30,29233.21,337.5,1870.09,0.4747
2023-05-01,28068.26,328.5,1830.73,0.4711
2023-05-02,28669.86,321.5,1870.08,0.4633
2023-05-03,29026.16,325.9,1905.12,0.4629
2023-05-04,28838.16,323.8,1877.07,0.4613
2023-05-05,29505.61,326.5,1993.3,0.4625
2023-05-06,28848.2,321.9,1896.33,0.4667
2023-05-07,28430.1,321,1870.4,0.4585
2023-05-08,27668.79,313.8,1847.56,0.4508
2023-05-09,27628.27,312.1,1846.52,0.4261
2023-05-10,27598.75,314.3,1840.84,0.4292
2023-05-11,26968.62,307.5,1794.3,0.4268
2023-05-12,26795.01,308.5,1807.45,0.4213
2023-05-13,26775.28,310.7,1795.11,0.4275
2023-05-14,26917.62,312.1,1799.21,0.4237
2023-05-15,27162.14,313.4,1816.2,0.4227
2023-05-16,27033.84,311.4,1824.21,0.4253
2023-05-17,27405.61,314.3,1822.12,0.4464
2023-05-18,26821.28,309.3,1800.56,0.4446
2023-05-19,26880.26,308.9,1812.32,0.4635
2023-05-20,27102.43,310.6,1819.42,0.464
2023-05-21,26747.78,306.4,1804.91,0.4698
2023-05-22,26849.27,309,1817.35,0.4533
2023-05-23,27219.61,313.5,1854.05,0.4616
2023-05-24,26329.01,306,1799.89,0.4622
2023-05-25,26473.79,304.5,1805.6,0.4491
2023-05-26,26705.92,306.8,1827.79,0.4596
2023-05-27,26854.27,307.4,1829.89,0.4669
2023-05-28,28065,314.1,1908.64,0.4735
2023-05-29,27736.4,311.6,1892.6,0.4825
2023-05-30,27694.4,311.5,1900.59,0.49370000000000003
2023-05-31,27210.35,306.8,1873.63,0.5179
2023-06-01,26817.93,304.9,1861.78,0.5082
2023-06-02,27242.59,307.2,1906.68,0.5138
2023-06-03,27069.22,306.6,1892.06,0.5221
2023-06-04,27115.21,305,1890.01,0.5169
2023-06-05,25728.2,276.9,1810.5,0.5382
2023-06-06,27230.08,281.2,1884.64,0.5102
2023-06-07,26339.34,259.3,1832.13,0.5296
2023-06-08,26498.61,262,1845.64,0.516
2023-06-09,26477.81,260.5,1840.37,0.5231
2023-06-10,25841.21,238.7,1751.53,0.5344
2023-06-11,25925.55,235.4,1752.76,0.5049
2023-06-12,25905.19,231.3,1742.57,0.5187
2023-06-13,25934.25,244.2,1740.12,0.5213
2023-06-14,25128.6,237.9,1650.95,0.5151
2023-06-15,25598.49,236.4,1666.96,0.4818
2023-06-16,26345,239.3,1717.92,0.4764
2023-06-17,26516.99,244.5,1727.76,0.4721
2023-06-18,26339.97,244.1,1720.95,0.478
2023-06-19,26844.35,243.1,1737.11,0.4843
2023-06-20,28307.99,247.7,1791.99,0.4932
2023-06-21,29993.89,248.8,1889.11,0.4931
2023-06-22,29884.92,240.8,1872.01,0.5023
2023-06-23,30688.5,244.3,1892.63,0.4961
2023-06-24,30527.43,236.4,1874.96,0.4911
2023-06-25,30462.66,238.8,1898.8,0.4843
2023-06-26,30267.99,236.1,1858.97,0.4857
2023-06-27,30692.44,237.5,1889.58,0.4779
2023-06-28,30077.41,230.6,1828.02,0.4822
2023-06-29,30447.31,233.1,1851.99,0.4625
2023-06-30,30472,240.3,1933.79,0.4706
2023-07-01,30585.9,247.9,1924.5,0.4673
2023-07-02,30617.03,246.5,1937.48,0.4712
2023-07-03,31156.2,246.5,1955.54,0.4824
2023-07-04,30766.51,242.5,1936.2,0.4886
2023-07-05,30504.81,238.9,1910.36,0.4875
2023-07-06,29895.43,232.2,1846.17,0.4754
2023-07-07,30344.7,235.6,1870.91,0.4655
2023-07-08,30284.63,236.3,1865.24,0.4668
2023-07-09,30160.71,234.1,1862.8,0.4706
2023-07-10,30411.57,246.2,1880.4,0.4658
2023-07-11,30622.1,248.6,1878.3,0.4751
2023-07-12,30380,243.9,1871.82,0.4737
2023-07-13,31454.23,256.1,2004.49,0.4709
2023-07-14,30312.01,248.1,1937.83,0.7827
2023-07-15,30289.52,251.1,1931.41,0.7045
2023-07-16,30231.99,242.3,1922.11,0.7204
2023-07-17,30138,244.1,1911.2,0.7462
2023-07-18,29859.13,240.2,1897.21,0.7383
2023-07-19,29909.21,240.8,1888.63,0.7858
2023-07-20,29800,242.8,1891.59,0.8313
2023-07-21,29901.72,243.7,1891.73,0.7899
2023-07-22,29794,241.1,1866.52,0.7719
2023-07-23,30083.75,242.5,1888.73,0.7221
2023-07-24,29176.5,238.9,1850,0.7392
2023-07-25,29228.91,237.7,1857.66,0.6971
2023-07-26,29351.96,239,1872,0.7094
2023-07-27,29222.78,240.6,1861.28,0.7094
2023-07-28,29314.14,241.9,1874.19,0.7166
2023-07-29,29352.9,242.4,1880.46,0.7107
2023-07-30,29281.09,242.5,1861.79,0.7109
2023-07-31,29232.25,241,1856.14,0.71
2023-08-01,29705.99,247.7,1873.47,0.6952
2023-08-02,29186.01,240.7,1839.9,0.7033
2023-08-03,29193.64,241.1,1835.81,0.6835
2023-08-04,29113.99,241.7,1830.23,0.6649
2023-08-05,29072.13,243.2,1836.48,0.6313
2023-08-06,29088.42,243.2,1830.28,0.6324
2023-08-07,29211.06,242.1,1829.1,0.6219
2023-08-08,29770.42,245.2,1856.3,NA
2023-08-09,29581.99,243.8,1855.35,NA
2023-08-10,29455.75,241.5,1852.47,NA
2023-08-11,29426.03,239.7,1848.84,NA
2023-08-12,29428.79,240.8,1851.81,NA
