date,market,pair,ask,bid,spread,ask_depth,bid_depth,ask_perc,bid_perc
2023-10-07T01:34:13Z,spot,BNBUSDT,213.4,213.3,0.09999999999999432,2245179.5426,17745007.4429878,0.034106374189695914,0.8527462902956896
2023-10-07T01:34:13Z,spot,BTCUSDT,27877.18,27877.17,0.010000000002037268,8786300.8502334,0,1,0
2023-10-07T01:34:13Z,spot,ETHBTC,0.05892,0.05891,1.0000000000003062e-5,100.563368276,438.4316678174,0.05178172478712208,0.7371923665385225
2023-10-07T01:34:13Z,spot,ETHUSDT,1642.42,1642.41,0.009999999999990905,10845305.971896,14000859.415523,0.6031438720573232,0.5358554568326379
2023-10-07T01:34:13Z,spot,ADAUSDT,0.2639,0.2638,1.000000000000445e-4,781327.45847,6994672.227703,0.06895125708958297,0.8852475972624573
2023-10-07T01:34:13Z,spot,ATOMUSDT,6.906,6.905,9.999999999994458e-4,270941.91173,1391323.409123,0.074104586817419,0.7660816146936218
2023-10-07T01:34:13Z,spot,AVAXUSDT,10.78,10.77,0.009999999999999787,706258.0714,2938513.478497,0.04313246549395872,0.8175854371349206
2023-10-07T01:34:13Z,spot,BNBBTC,0.007654,0.007653,1.0000000000001327e-6,16.185874214,132.560911449,0.06085086937452052,0.8794635768580003
2023-10-07T01:34:13Z,spot,DOGEUSDT,0.06145,0.06144,9.999999999996123e-6,1212543.62195,5589366.2811514,0.06021452669320974,0.7860955304142503
2023-10-07T01:34:13Z,spot,EDUUSDT,0.43331,0.43326,4.999999999999449e-5,71415.74768,433456.93458,0.00993318178578349,0.7645196309387703
2023-10-07T01:34:13Z,spot,MATICUSDT,0.5713,0.5712,9.999999999998899e-5,600288.16561,5922331.877445,0.04906733493226014,0.7494139637092024
2023-10-07T01:34:13Z,spot,SOLUSDT,23.4,23.39,0.00999999999999801,2106137.8881,14800429.265434,0.07498387458753178,0.8630033614565288
2023-10-07T01:34:13Z,spot,WLDUSDT,1.643,1.642,0.001000000000000112,600276.6025,1331841.9161,0.022447523442929825,0.5840086564242841
2023-10-07T01:34:13Z,spot,XRPUSDT,0.5236,0.5235,9.999999999998899e-5,2470727.572,13315106.8506015,0.07204659630233623,0.8052150444830718
2023-10-07T01:33:55Z,spot,BNBUSDT,213.4,213.3,0.09999999999999432,2254965.9416,17745001.4525878,0.03424994697809235,0.8527427666987863
2023-10-07T01:33:55Z,spot,BTCUSDT,27878.61,27878.6,0.01000000000203726,8586516.8694901,0,1,0
2023-10-07T01:33:55Z,spot,ETHBTC,0.05892,0.05891,1.0000000000003062e-5,101.03218064000001,438.5469940184,0.0520105686412458,0.7373297753777266
2023-10-07T01:33:55Z,spot,ETHUSDT,1642.62,1642.61,0.0099999999999909,10738174.943677,13988347.981333,0.60088517489259885,0.5321971877076833
2023-10-07T01:33:55Z,spot,ADAUSDT,0.2639,0.2638,1.000000000000445e-4,779559.91395,6994672.227703,0.06880600592305351,0.8854836883337
2023-10-07T01:33:55Z,spot,ATOMUSDT,6.905,6.904,0.00100000000000033,271592.20418,1391295.397883,0.07427830875557297,0.7647258493618019
2023-10-07T01:33:55Z,spot,AVAXUSDT,10.79,10.78,0.00999999999999978,807073.5419,2939466.212897,0.04927004606272135,0.8403556727637703
2023-10-07T01:33:55Z,spot,BNBBTC,0.007654,0.007653,1.0000000000001327e-6,18.082747021,132.560911449,0.06750080289317352,0.879505116002032
2023-10-07T01:33:55Z,spot,DOGEUSDT,0.06145,0.06144,9.999999999996125e-6,1194050.91029,5589366.2811514,0.05935068881097843,0.7857088629679858
2023-10-07T01:33:55Z,spot,EDUUSDT,0.43339,0.43326,1.30000000000019e-4,69183.09341,433345.62928,0.00962563512274882,0.755531978290851
2023-10-07T01:33:55Z,spot,MATICUSDT,0.5715,0.5714,9.9999999999989e-5,562914.07539,5924933.787795,0.04615397825749926,0.7446560598751727
2023-10-07T01:33:55Z,spot,SOLUSDT,23.41,23.4,0.01000000000000156,2169140.4127,14806839.016934,0.07694100995915608,0.8619834025125863
2023-10-07T01:33:55Z,spot,WLDUSDT,1.645,1.644,0.00100000000000011,602604.1292,1354674.4968,0.0225359851397502,0.6018065613074506
2023-10-07T01:33:55Z,spot,XRPUSDT,0.5236,0.5235,9.9999999999989e-5,2516077.2779,13312611.5658015,0.0732721019544349,0.8073218313712854
2023-10-07T01:33:39Z,spot,BNBUSDT,213.4,213.3,0.09999999999999432,2237504.8453,17745016.3624878,0.03399375155914571,0.8527082713196886
2023-10-07T01:33:39Z,spot,BTCUSDT,27880.89,27880.88,0.00999999999839929,8355938.5330726,0,1,0
2023-10-07T01:33:39Z,spot,ETHBTC,0.05892,0.05891,1.0000000000003062e-5,94.582658027,438.5309994984,0.04885260396132757,0.7374888752076993
2023-10-07T01:33:39Z,spot,ETHUSDT,1642.92,1642.91,0.0099999999999909,10572815.190747,16348077.700949,0.5764638522418634,0.6222826372220333
2023-10-07T01:33:39Z,spot,ADAUSDT,0.2639,0.2638,1.000000000000445e-4,782348.67018,6994646.783673,0.06903515612123043,0.8852402757045844
2023-10-07T01:33:39Z,spot,ATOMUSDT,6.903,6.902,9.999999999994458e-4,277273.60731,1391031.015623,0.0757067451813437,0.7654751649122041
2023-10-07T01:33:39Z,spot,AVAXUSDT,10.79,10.78,0.00999999999999978,759118.1825,2938660.713797,0.04647288594852408,0.8295900944334736
2023-10-07T01:33:39Z,spot,BNBBTC,0.007653,0.007652,1.0000000000001327e-6,16.736710271,132.559583318,0.06278923420892513,0.8799844846399465
2023-10-07T01:33:39Z,spot,DOGEUSDT,0.06145,0.06144,9.999999999996125e-6,1197603.63915,5589366.2811514,0.05951676831540166,0.7854424010669168
2023-10-07T01:33:39Z,spot,EDUUSDT,0.43342,0.43326,1.60000000000049e-4,76585.3785,433339.70128,0.01064457266987648,0.7582649993415008
2023-10-07T01:33:39Z,spot,MATICUSDT,0.5715,0.5714,9.9999999999989e-5,571988.38109,5925051.533945,0.04686312434493316,0.7450469925674099
2023-10-07T01:33:39Z,spot,SOLUSDT,23.42,23.41,0.01000000000000156,2140741.5169,14805023.296534,0.07601735418271642,0.8614616964386296
2023-10-07T01:33:39Z,spot,WLDUSDT,1.646,1.645,9.9999999999989e-4,596415.7128999999,1354802.0636,0.0223098330999771,0.5982686482315663
2023-10-07T01:33:39Z,spot,XRPUSDT,0.5236,0.5235,9.9999999999989e-5,2511326.4656,13315690.9738015,0.07314387040994558,0.8096655899961616
2023-10-07T01:33:22Z,spot,BNBUSDT,213.4,213.3,0.09999999999999432,2204360.8063,17745004.3816878,0.03350707635294747,0.8526403216420386
2023-10-07T01:33:22Z,spot,BTCUSDT,27877.11,27877.1,0.01000000000203726,8448956.4933058,0,1,0
2023-10-07T01:33:22Z,spot,ETHBTC,0.05892,0.05891,1.0000000000003062e-5,95.942932834,438.5309994984,0.04952040279547108,0.7362323295237454
2023-10-07T01:33:22Z,spot,ETHUSDT,1642.6,1642.59,0.0099999999999909,10231747.317291,13988433.001249,0.5888046634259055,0.5278910277230143
2023-10-07T01:33:22Z,spot,ADAUSDT,0.2639,0.2638,1.000000000000445e-4,771590.84569,6993504.110773,0.06815056991848092,0.8847330932757055
2023-10-07T01:33:22Z,spot,ATOMUSDT,6.903,6.902,9.999999999994458e-4,273093.28735,1391031.015623,0.07465135598859902,0.7613855022135017
2023-10-07T01:33:22Z,spot,AVAXUSDT,10.8,10.79,0.01000000000000156,761090.1969,2940257.527697,0.04659251126349169,0.8174432663702587
2023-10-07T01:33:22Z,spot,BNBBTC,0.007654,0.007653,1.0000000000001327e-6,16.671061215,132.560910641,0.0625608173022482,0.8796628422229631
2023-10-07T01:33:22Z,spot,DOGEUSDT,0.06145,0.06144,9.999999999996125e-6,1178045.10444,5589360.2866314,0.05860173703172407,0.7839699898538562
2023-10-07T01:33:22Z,spot,EDUUSDT,0.43353,0.43335,1.8000000000001348e-4,71144.57302,436745.95031,0.00989584057057807,0.7609203564474005
2023-10-07T01:33:22Z,spot,MATICUSDT,0.5715,0.5714,9.9999999999989e-5,545346.4766299999,5925245.509955,0.04477821602759571,0.7440747076662889
2023-10-07T01:33:22Z,spot,SOLUSDT,23.42,23.41,0.01000000000000156,2088270.7978,14805343.397434,0.07429236170553441,0.8604258312321315
2023-10-07T01:33:22Z,spot,WLDUSDT,1.647,1.646,0.00100000000000011,543386.2069,1363481.6877,0.02036684655313035,0.5979686278199322
2023-10-07T01:33:22Z,spot,XRPUSDT,0.5237,0.5236,1.000000000001e-4,2441953.5978,13325541.4697015,0.07127055469139434,0.8060098375715345
2023-10-07T01:33:04Z,spot,BNBUSDT,213.4,213.3,0.09999999999999432,2208812.5841,17745013.7041878,0.03357246863104262,0.8521575785821748
2023-10-07T01:33:04Z,spot,BTCUSDT,27877.11,27877.1,0.01000000000203726,8538541.843346,0,1,0
2023-10-07T01:33:04Z,spot,ETHBTC,0.05892,0.05891,1.0000000000003062e-5,96.001210285,438.5170469444,0.04954899195986734,0.7368308383006644
2023-10-07T01:33:04Z,spot,ETHUSDT,1642.6,1642.59,0.0099999999999909,10508901.648957,13993467.186249,0.5952488530737583,0.5324689004071562
2023-10-07T01:33:04Z,spot,ADAUSDT,0.2638,0.2637,9.9999999999989e-5,795330.27177,6991857.363523,0.07009656948086315,0.8860908478503061
2023-10-07T01:33:04Z,spot,ATOMUSDT,6.902,6.901,0.00100000000000033,275915.88263,1391025.026773,0.07537117156449075,0.7630542214822951
2023-10-07T01:33:04Z,spot,AVAXUSDT,10.81,10.8,0.00999999999999978,795904.2912,2950946.432997,0.0486250883882521,0.8204413314440862
2023-10-07T01:33:04Z,spot,BNBBTC,0.007654,0.007653,1.0000000000001327e-6,17.986013074,132.560910641,0.06716395893832305,0.8796263852193926
2023-10-07T01:33:04Z,spot,DOGEUSDT,0.06144,0.06143,1.0000000000003062e-5,1189645.83832,5588989.5119114,0.05914392062116085,0.786276475317376
2023-10-07T01:33:04Z,spot,EDUUSDT,0.43339,0.43326,1.30000000000019e-4,59856.48704,433327.84376,0.0083388193409731,0.7615443754536856
2023-10-07T01:33:04Z,spot,MATICUSDT,0.5712,0.5711,9.9999999999989e-5,550626.53061,5920320.781655,0.04518551055790961,0.7501038179112525
2023-10-07T01:33:04Z,spot,SOLUSDT,23.4,23.39,0.00999999999999801,2184374.901,14800380.751434,0.07755342392752095,0.8635123816472307
2023-10-07T01:33:04Z,spot,WLDUSDT,1.647,1.646,0.00100000000000011,565650.9032,1363466.2655,0.02118325894063476,0.5997434627842996
2023-10-07T01:33:04Z,spot,XRPUSDT,0.5237,0.5236,1.000000000001e-4,2480338.1608,13325541.4697015,0.0723098340103807,0.8068089471140166
2023-10-07T01:32:47Z,spot,BNBUSDT,213.4,213.3,0.09999999999999432,2216737.4665,17745023.4185878,0.03368886360292873,0.8521995903470352
2023-10-07T01:32:47Z,spot,BTCUSDT,27880.22,27880.21,0.01000000000203726,8329264.9659174,0,1,0
2023-10-07T01:32:47Z,spot,ETHBTC,0.05892,0.05891,1.0000000000003062e-5,102.438734025,438.5010524244,0.05269643766081808,0.7366371663228729
2023-10-07T01:32:47Z,spot,ETHUSDT,1642.6,1642.59,0.0099999999999909,10817209.740274,13998184.205112,0.6021958130916182,0.534592245313621
2023-10-07T01:32:47Z,spot,ADAUSDT,0.2639,0.2638,1.000000000000445e-4,799709.20976,6994326.727773,0.07045909063451017,0.8887992825641403
2023-10-07T01:32:47Z,spot,ATOMUSDT,6.901,6.9,9.999999999994458e-4,274496.52037,1391019.037923,0.07500622363367912,0.7728565078970917
2023-10-07T01:32:47Z,spot,AVAXUSDT,10.81,10.8,0.00999999999999978,802266.367,2950027.917197,0.04899473039563877,0.8190142102152915
2023-10-07T01:32:47Z,spot,BNBBTC,0.007654,0.007653,1.0000000000001327e-6,18.04406421,132.561290641,0.0673661320000116,0.8799056294037164
2023-10-07T01:32:47Z,spot,DOGEUSDT,0.06144,0.06143,1.0000000000003062e-5,1206681.57428,5589019.5752214,0.0599400961959421,0.7884954780870326
2023-10-07T01:32:47Z,spot,EDUUSDT,0.43353,0.43346,7.00000000000145e-5,74798.81079,436739.00718,0.01039434530268787,0.7794621024659456
2023-10-07T01:32:47Z,spot,MATICUSDT,0.5711,0.571,1.000000000001e-4,578405.32899,5921957.955215,0.04735582268895492,0.7551268191854033
2023-10-07T01:32:47Z,spot,SOLUSDT,23.4,23.39,0.00999999999999801,2192068.1947,14794975.350934,0.07780531265188212,0.8644953122751158
2023-10-07T01:32:47Z,spot,WLDUSDT,1.647,1.646,0.00100000000000011,546393.7398,1363207.7497,0.02047684818144077,0.6016584101731606
2023-10-07T01:32:47Z,spot,XRPUSDT,0.5237,0.5236,1.000000000001e-4,2498310.5088,13322547.5354015,0.0730197646735381,0.8086632433890123
2023-10-07T01:32:30Z,spot,BNBUSDT,213.4,213.3,0.09999999999999432,2240713.3129000003,17745023.4185878,0.03404082398698377,0.8519085470180737
2023-10-07T01:32:30Z,spot,BTCUSDT,27880.86,27880.85,0.01000000000203726,8750577.3424953,0,1,0
2023-10-07T01:32:30Z,spot,ETHBTC,0.05892,0.05891,1.0000000000003062e-5,96.705468289,438.5010524244,0.04989428975629935,0.7365926551522987
2023-10-07T01:32:30Z,spot,ETHUSDT,1642.8,1642.79,0.0099999999999909,10725431.39776,13967769.916977,0.6003508612619914,0.530811119253402
2023-10-07T01:32:30Z,spot,ADAUSDT,0.2639,0.2638,1.000000000000445e-4,799139.1755,6994327.118103,0.07041240360799451,0.8848199979557432
2023-10-07T01:32:30Z,spot,ATOMUSDT,6.903,6.902,9.999999999994458e-4,277229.13345,1391005.937673,0.07569552122614095,0.7631346084340301
2023-10-07T01:32:30Z,spot,AVAXUSDT,10.81,10.8,0.00999999999999978,788329.2917,2949998.428697,0.04818252643835044,0.8328548838366665
2023-10-07T01:32:30Z,spot,BNBBTC,0.007654,0.007653,1.0000000000001327e-6,18.086007297,132.576904941,0.06751215148772087,0.8798384605837142
2023-10-07T01:32:30Z,spot,DOGEUSDT,0.06145,0.06144,9.999999999996125e-6,1177999.01508,5589412.1709014,0.05859909246049027,0.7851970113731767
2023-10-07T01:32:30Z,spot,EDUUSDT,0.43369,0.43363,6.0000000000004494e-5,69643.8738,436754.8299,0.00968525171347258,0.7744015674581076
2023-10-07T01:32:30Z,spot,MATICUSDT,0.5715,0.5714,9.9999999999989e-5,575668.90273,5927000.858645,0.04714482980964989,0.7488094257223729
2023-10-07T01:32:30Z,spot,SOLUSDT,23.42,23.41,0.01000000000000156,2184959.0254,14796067.553734,0.07746588039272816,0.8624173635003294
2023-10-07T01:32:30Z,spot,WLDUSDT,1.646,1.645,9.9999999999989e-4,585772.6227,1354876.0356,0.02192009741759804,0.59665992109623045
2023-10-07T01:32:30Z,spot,XRPUSDT,0.5239,0.5238,9.9999999999989e-5,2401036.5259,13344435.6779015,0.07037581291879338,0.802721407056528
2023-10-07T01:32:11Z,spot,BNBUSDT,213.4,213.3,0.09999999999999432,2238674.3083,17745017.4281878,0.03401089121824457,0.8519792065328554
2023-10-07T01:32:11Z,spot,BTCUSDT,27881.48,27881.47,0.00999999999839929,8166525.3394008,0,1,0
2023-10-07T01:32:11Z,spot,ETHBTC,0.05892,0.05891,1.0000000000003062e-5,101.957119658,438.5010524244,0.05246168334826121,0.7364886425963167
2023-10-07T01:32:11Z,spot,ETHUSDT,1642.82,1642.81,0.0099999999999909,10585208.897696,13967676.757695,0.5971844785663863,0.5276102739122795
2023-10-07T01:32:11Z,spot,ADAUSDT,0.2639,0.2638,1.000000000000445e-4,794509.3925900001,6994273.677853,0.07003304067459948,0.8850216162079028
2023-10-07T01:32:11Z,spot,ATOMUSDT,6.903,6.902,9.999999999994458e-4,276839.07435,1390999.948823,0.07559701532235592,0.7628852345643535
2023-10-07T01:32:11Z,spot,AVAXUSDT,10.81,10.8,0.00999999999999978,749848.2416,2950107.052297,0.04593863360923864,0.8192804382569262
2023-10-07T01:32:11Z,spot,BNBBTC,0.007654,0.007653,1.0000000000001327e-6,16.707788739,132.576904941,0.06269000289072595,0.8799504101402823
2023-10-07T01:32:11Z,spot,DOGEUSDT,0.06145,0.06144,9.999999999996125e-6,1169367.51156,5589352.6276614005,0.05819319855750205,0.7845732304448554
2023-10-07T01:32:11Z,spot,EDUUSDT,0.43381,0.43379,1.999999999996449e-5,80746.7574,438572.07754,0.01121201184913459,0.7756446760834594
2023-10-07T01:32:11Z,spot,MATICUSDT,0.5715,0.5714,9.9999999999989e-5,567216.44944,5926788.065925,0.04648478760210767,0.7481322778930749
2023-10-07T01:32:11Z,spot,SOLUSDT,23.42,23.41,0.01000000000000156,2213925.4795,14795991.568134,0.07841233361158839,0.8624475783034408
2023-10-07T01:32:11Z,spot,WLDUSDT,1.646,1.645,9.9999999999989e-4,575712.4641,1363097.5792,0.02155175129933904,0.602234685097828
2023-10-07T01:32:11Z,spot,XRPUSDT,0.5239,0.5238,9.9999999999989e-5,2392778.9889,13344446.4026015,0.07014514282428187,0.8025305935429622
2023-10-07T01:31:53Z,spot,BNBUSDT,213.4,213.3,0.09999999999999432,2222446.9294000003,17744326.5929878,0.03377366296621898,0.8524879801366415
2023-10-07T01:31:53Z,spot,BTCUSDT,27880.22,27880.21,0.01000000000203726,8050197.8959814,0,1,0
2023-10-07T01:31:53Z,spot,ETHBTC,0.05892,0.05891,1.0000000000003062e-5,97.509707752,438.5170469444,0.05028836284184842,0.7361130894019132
2023-10-07T01:31:53Z,spot,ETHUSDT,1642.74,1642.73,0.0099999999999909,10474580.588786,13964553.946141,0.5947600251470762,0.524845722396809
2023-10-07T01:31:53Z,spot,ADAUSDT,0.2639,0.2638,1.000000000000445e-4,799245.15299,6991026.777853,0.07042108374625378,0.8890877669061769
2023-10-07T01:31:53Z,spot,ATOMUSDT,6.903,6.902,9.999999999994458e-4,281419.12807,1390999.948823,0.07675170782433009,0.7638949709702794
2023-10-07T01:31:53Z,spot,AVAXUSDT,10.82,10.81,0.00999999999999978,785455.5713,2953890.298597,0.04805714030742528,0.8168012520933684
2023-10-07T01:31:53Z,spot,BNBBTC,0.007653,0.007652,1.0000000000001327e-6,18.050391861,132.575577618,0.06738552348962946,0.8800991752995195
2023-10-07T01:31:53Z,spot,DOGEUSDT,0.06144,0.06143,1.0000000000003062e-5,1179232.79513,5588989.9150614,0.0586550746715967,0.7841964787638859
2023-10-07T01:31:53Z,spot,EDUUSDT,0.43399,0.43383,1.5999999999999348e-4,72852.74971999999,435297.66124,0.01013158110720417,0.7756003561476049
2023-10-07T01:31:53Z,spot,MATICUSDT,0.5715,0.5714,9.9999999999989e-5,554031.80905,5926912.331855,0.04545372482104992,0.7467357756428403
2023-10-07T01:31:53Z,spot,SOLUSDT,23.42,23.41,0.01000000000000156,2184274.3976000003,14795251.335834,0.07744347145376418,0.8618968617432784
2023-10-07T01:31:53Z,spot,WLDUSDT,1.646,1.645,9.9999999999989e-4,576644.3809,1363187.0613,0.02158588448204437,0.6010833936791492
2023-10-07T01:31:53Z,spot,XRPUSDT,0.5239,0.5238,9.9999999999989e-5,2379998.0716,13344446.4005015,0.06979661700914364,0.8018935080310446
2023-10-07T01:31:36Z,spot,BNBUSDT,213.4,213.3,0.09999999999999432,2258700.9811,17747548.2064878,0.03430470052101637,0.8526769409191159
2023-10-07T01:31:36Z,spot,BTCUSDT,27875,27874.99,0.00999999999839929,8299668.6846344,0,1,0
2023-10-07T01:31:36Z,spot,ETHBTC,0.05892,0.05891,1.0000000000003062e-5,102.735809485,438.5170429324,0.05284118351498715,0.7344441071146208
2023-10-07T01:31:36Z,spot,ETHUSDT,1642.61,1642.6,0.0099999999999909,10437738.973539,13964362.441841,0.5937019432458729,0.5345502723115836
2023-10-07T01:31:36Z,spot,ADAUSDT,0.2639,0.2638,1.000000000000445e-4,809714.95881,6991062.774403,0.07127782135841113,0.8870319458594463
2023-10-07T01:31:36Z,spot,ATOMUSDT,6.903,6.902,9.999999999994458e-4,276659.23563,1391035.932533,0.07555161665225141,0.7649376524215175
2023-10-07T01:31:36Z,spot,AVAXUSDT,10.83,10.82,0.00999999999999978,763779.2565,2962205.686797,0.0467890679464053,0.828259892182019
2023-10-07T01:31:36Z,spot,BNBBTC,0.007653,0.007652,1.0000000000001327e-6,17.902700524,132.575577618,0.06687103381289616,0.8806970533453321
2023-10-07T01:31:36Z,spot,DOGEUSDT,0.06143,0.06142,9.999999999996125e-6,1225343.97374,5573173.3884614,0.06080419065505779,0.7867426904192628
2023-10-07T01:31:36Z,spot,EDUUSDT,0.43407,0.43389,1.8000000000001348e-4,71398.24409,438738.67758,0.00992700912011493,0.7750272750680435
2023-10-07T01:31:36Z,spot,MATICUSDT,0.5714,0.5713,9.9999999999989e-5,563340.56112,5929360.019425,0.04618195528593719,0.7484255720415534
2023-10-07T01:31:36Z,spot,SOLUSDT,23.42,23.41,0.01000000000000156,2197637.5423,14798182.222534,0.0778803373046932,0.8618720888829751
2023-10-07T01:31:36Z,spot,WLDUSDT,1.645,1.644,0.00100000000000011,569025.4688,1358552.5,0.02130664589275412,0.5973806705436714
2023-10-07T01:31:36Z,spot,XRPUSDT,0.5237,0.5236,1.000000000001e-4,2468091.2876,13321137.0333015,0.07219455328322609,0.8081416745178038
2023-10-07T01:31:16Z,spot,BNBUSDT,213.4,213.3,0.09999999999999432,2255110.3314,17747547.6098878,0.03425203435162259,0.8521629041133235
2023-10-07T01:31:16Z,spot,BTCUSDT,27880.16,27880.15,0.00999999999839929,8382416.9959702,0,1,0
2023-10-07T01:31:16Z,spot,ETHBTC,0.05892,0.05891,1.0000000000003062e-5,97.159148528,438.5010484124,0.05011663080329329,0.7345836493093985
2023-10-07T01:31:16Z,spot,ETHUSDT,1642.86,1642.85,0.0099999999999909,10387815.526859,13963064.659885,0.592799972093148,0.5364923577221166
2023-10-07T01:31:16Z,spot,ADAUSDT,0.2639,0.2638,1.000000000000445e-4,818933.6627399999,6991033.014643,0.07203087454141502,0.8869367006912202
2023-10-07T01:31:16Z,spot,ATOMUSDT,6.901,6.9,9.999999999994458e-4,282809.00382,1391035.932533,0.0771038590505457,0.7677524193954103
2023-10-07T01:31:16Z,spot,AVAXUSDT,10.82,10.81,0.00999999999999978,763945.2286,2949824.499997,0.04680222182124547,0.8229738178836759
2023-10-07T01:31:16Z,spot,BNBBTC,0.007653,0.007652,1.0000000000001327e-6,18.07031828,132.45976259,0.06745489466886262,0.8799038883827678
2023-10-07T01:31:16Z,spot,DOGEUSDT,0.06144,0.06143,1.0000000000003062e-5,1240071.70899,5589050.2601314,0.06149511190916108,0.7886039198558843
2023-10-07T01:31:16Z,spot,EDUUSDT,0.43396,0.43394,2.000000000002e-5,73593.57146,426707.85218,0.01023355235255925,0.7788815941799645
2023-10-07T01:31:16Z,spot,MATICUSDT,0.5713,0.5712,9.9999999999989e-5,584911.19653,5927212.143825,0.04786522252730151,0.7510171833176961
2023-10-07T01:31:16Z,spot,SOLUSDT,23.42,23.41,0.01000000000000156,2202952.0291,14794172.453634,0.07804310060798438,0.8659652834168559
2023-10-07T01:31:16Z,spot,WLDUSDT,1.644,1.643,9.9999999999989e-4,566395.5228,1335211.8199,0.02121023838891464,0.5908341645060824
2023-10-07T01:31:16Z,spot,XRPUSDT,0.5238,0.5237,9.9999999999989e-5,2537866.3405,13337202.5214015,0.07408577632963366,0.8151438032521237
2023-10-07T01:30:59Z,spot,BNBUSDT,213.4,213.3,0.09999999999999432,2263966.5887,17747547.9508878,0.03438192389465479,0.8521780523431955
2023-10-07T01:30:59Z,spot,BTCUSDT,27880.16,27880.15,0.00999999999839929,8037866.8895483,0,1,0
2023-10-07T01:30:59Z,spot,ETHBTC,0.05892,0.05891,1.0000000000003062e-5,102.494063326,438.5170429324,0.05272339930288969,0.7352196202421237
2023-10-07T01:30:59Z,spot,ETHUSDT,1642.73,1642.72,0.0099999999999909,10082669.820093,13961997.974048,0.5855205189069328,0.5320264422719783
2023-10-07T01:30:59Z,spot,ADAUSDT,0.264,0.2639,9.9999999999989e-5,816996.02114,6992072.871103,0.07187619736141986,0.884474275537851
2023-10-07T01:30:59Z,spot,ATOMUSDT,6.904,6.903,0.00100000000000033,280998.75914,1391035.932533,0.07665276810108153,0.7618190078602738
2023-10-07T01:30:59Z,spot,AVAXUSDT,10.83,10.82,0.00999999999999978,792384.4151,2954038.633297,0.048456874528048,0.8175978116465865
2023-10-07T01:30:59Z,spot,BNBBTC,0.007653,0.007652,1.0000000000001327e-6,18.115915429,132.45976259,0.0676103952655537,0.880127994895545
2023-10-07T01:30:59Z,spot,DOGEUSDT,0.06144,0.06143,1.0000000000003062e-5,1224744.00566,5589050.2601314,0.06078125099594302,0.7910012045642967
2023-10-07T01:30:59Z,spot,EDUUSDT,0.43462,0.43453,8.999999999997899e-5,68127.46046,426601.65541,0.00948068318289351,0.7650119152135758
2023-10-07T01:30:59Z,spot,MATICUSDT,0.5713,0.5712,9.9999999999989e-5,574200.43013,5927212.136515,0.04702994663238137,0.7480728839341461
2023-10-07T01:30:59Z,spot,SOLUSDT,23.44,23.43,0.01000000000000156,2178262.6287,14808645.221834,0.07735002111931628,0.8597878000402369
2023-10-07T01:30:59Z,spot,WLDUSDT,1.645,1.644,0.00100000000000011,564064.2819000001,1358541.1673,0.02112480301506527,0.5970951808798116
2023-10-07T01:30:59Z,spot,XRPUSDT,0.5239,0.5238,9.9999999999989e-5,2562229.3924,13342037.4886015,0.07474136978105522,0.8166150183380135
2023-10-07T01:30:41Z,spot,BNBUSDT,213.4,213.3,0.09999999999999432,2232286.5784,17747547.7156878,0.033917858476313,0.8525553031039108
2023-10-07T01:30:41Z,spot,BTCUSDT,27878.77,27878.76,0.01000000000203726,8077089.1057876,0,1,0
2023-10-07T01:30:41Z,spot,ETHBTC,0.05892,0.05891,1.0000000000003062e-5,96.750523822,438.5010484124,0.04991637522583153,0.7352815447282297
2023-10-07T01:30:41Z,spot,ETHUSDT,1642.61,1642.6,0.0099999999999909,10564946.821401,13962035.798912,0.5965323421889952,0.5367588926620447
2023-10-07T01:30:41Z,spot,ADAUSDT,0.264,0.2639,9.9999999999989e-5,798794.62503,6992150.750743,0.07038761816403584,0.8856623968499279
2023-10-07T01:30:41Z,spot,ATOMUSDT,6.901,6.9,9.999999999994458e-4,264763.59111,1391025.069353,0.07254092219828924,0.7793697939622334
2023-10-07T01:30:41Z,spot,AVAXUSDT,10.84,10.83,0.00999999999999978,799019.6403,2963492.987597,0.0488589120483221,0.8149264789918745
2023-10-07T01:30:41Z,spot,BNBBTC,0.007653,0.007652,1.0000000000001327e-6,18.059797326,132.475755274,0.06741507623388517,0.8800635220463652
2023-10-07T01:30:41Z,spot,DOGEUSDT,0.06146,0.06145,1.0000000000003062e-5,1233378.49328,5590276.2781914,0.06095185436530793,0.79384149317423
2023-10-07T01:30:41Z,spot,EDUUSDT,0.43462,0.43453,8.999999999997899e-5,70884.93165,426345.6421,0.00986063169295866,0.7581976048502903
2023-10-07T01:30:41Z,spot,MATICUSDT,0.5714,0.5713,9.9999999999989e-5,587583.1896,5927217.398635,0.04806466168706874,0.7483869010794779
2023-10-07T01:30:41Z,spot,SOLUSDT,23.43,23.42,0.00999999999999801,2130731.9362,14804474.621834,0.07568543006607939,0.8578554524008231
2023-10-07T01:30:41Z,spot,WLDUSDT,1.644,1.643,9.9999999999989e-4,570446.1285999999,1335141.8963,0.02137289986379669,0.6225840131586803
2023-10-07T01:30:41Z,spot,XRPUSDT,0.5239,0.5238,9.9999999999989e-5,2562463.4738000003,13342037.4886015,0.07474768764296709,0.8142122285621729
2023-10-07T01:30:23Z,spot,BNBUSDT,213.4,213.3,0.09999999999999432,2253677.7585,17747547.7156878,0.03423034671692344,0.8529391945598767
2023-10-07T01:30:23Z,spot,BTCUSDT,27880.19,27880.18,0.00999999999839929,8224397.4786378,0,1,0
2023-10-07T01:30:23Z,spot,ETHBTC,0.05892,0.05891,1.0000000000003062e-5,101.156518852,438.5010484124,0.05207118750904297,0.7350251540706869
2023-10-07T01:30:23Z,spot,ETHUSDT,1642.86,1642.85,0.0099999999999909,10652387.212028,13962750.006136,0.5988530410039713,0.5392134174821083
2023-10-07T01:30:23Z,spot,ADAUSDT,0.2641,0.264,9.9999999999989e-5,811876.74656,6992320.380333,0.07146616067521608,0.8886249016601738
2023-10-07T01:30:23Z,spot,ATOMUSDT,6.907,6.906,0.00100000000000033,280497.39882,1391279.120723,0.076534897824795875,0.7805198158637283
2023-10-07T01:30:23Z,spot,AVAXUSDT,10.84,10.83,0.00999999999999978,822435.6072,2967684.702397,0.05021736861485013,0.8218362275169663
2023-10-07T01:30:23Z,spot,BNBBTC,0.007653,0.007652,1.0000000000001327e-6,17.857330133,132.459760974,0.0667097085354302,0.8810906369695228
2023-10-07T01:30:23Z,spot,DOGEUSDT,0.06148,0.06147,1.0000000000003062e-5,1211664.55917,5590847.1003114,0.05996332135455688,0.786109372781201
2023-10-07T01:30:23Z,spot,EDUUSDT,0.43483,0.43464,1.8999999999996797e-4,71265.59729,426345.6421,0.00990878260381218,0.7787738064249506
2023-10-07T01:30:23Z,spot,MATICUSDT,0.5719,0.5718,9.9999999999989e-5,568480.9916599999,5955838.576415,0.0465759767682485,0.7465858418745699
2023-10-07T01:30:23Z,spot,SOLUSDT,23.44,23.43,0.01000000000000156,2261913.7142000003,14805142.580634,0.08008251721129826,0.8640884866875725
2023-10-07T01:30:23Z,spot,WLDUSDT,1.646,1.645,9.9999999999989e-4,578300.356,1334812.724,0.02164680229881541,0.5956405669797692
2023-10-07T01:30:23Z,spot,XRPUSDT,0.5239,0.5238,9.9999999999989e-5,2559898.3486,13342031.4597015,0.07467847354515385,0.8089132360248324
2023-10-07T01:30:06Z,spot,BNBUSDT,213.5,213.4,0.09999999999999432,2237957.111,17750919.4919878,0.03403477850045086,0.8507990944404604
2023-10-07T01:30:06Z,spot,BTCUSDT,27889.88,27889.87,0.01000000000203726,7923174.0960855,0,1,0
2023-10-07T01:30:06Z,spot,ETHBTC,0.05892,0.05891,1.0000000000003062e-5,97.230186038,438.5010517074,0.05015152376954471,0.7346277313552766
2023-10-07T01:30:06Z,spot,ETHUSDT,1643.22,1643.21,0.0099999999999909,10649718.099576,16347211.653383,0.5784353019814207,0.6269475318554842
2023-10-07T01:30:06Z,spot,ADAUSDT,0.2642,0.2641,9.9999999999989e-5,806583.07796,6994745.853933,0.07101318119531276,0.8843412532984127
2023-10-07T01:30:06Z,spot,ATOMUSDT,6.909,6.908,9.999999999994458e-4,275102.20384000003,1391415.646353,0.0751723312814047,0.7649830436943514
2023-10-07T01:30:06Z,spot,AVAXUSDT,10.85,10.84,0.00999999999999978,810379.4458,2986498.793197,0.0495423976426634,0.8267835594812589
2023-10-07T01:30:06Z,spot,BNBBTC,0.007653,0.007652,1.0000000000001327e-6,16.671929739,132.45981184800002,0.06255843079785174,0.8799785831430319
2023-10-07T01:30:06Z,spot,DOGEUSDT,0.0615,0.06149,9.999999999996125e-6,1162189.11983,5591485.9196414,0.05765700987329469,0.7819275603745511
2023-10-07T01:30:06Z,spot,EDUUSDT,0.43508,0.43489,1.9000000000002348e-4,72293.94605,430772.3185,0.01005038073080351,0.7536380060856741
2023-10-07T01:30:06Z,spot,MATICUSDT,0.5722,0.5721,9.9999999999989e-5,534201.29156,5957446.181375,0.04389084794955292,0.7414740777229765
2023-10-07T01:30:06Z,spot,SOLUSDT,23.48,23.47,0.01000000000000156,2164698.435,14880334.209534,0.07694055900538384,0.8644509679351424
2023-10-07T01:30:06Z,spot,WLDUSDT,1.647,1.646,0.00100000000000011,559757.4736,1354452.7325,0.02096744208291672,0.5897444217470409
2023-10-07T01:30:06Z,spot,XRPUSDT,0.524,0.5239,9.9999999999989e-5,2561278.8602,13342645.8387015,0.07471664415237396,0.8116875869568415
2023-10-07T01:29:49Z,spot,BNBUSDT,213.4,213.3,0.09999999999999432,2228287.2176,17747547.5453878,0.03385779520624622,0.8501990404225009
2023-10-07T01:29:49Z,spot,BTCUSDT,27883.51,27883.5,0.00999999999839929,7967176.1207038,0,1,0
2023-10-07T01:29:49Z,spot,ETHBTC,0.05892,0.05891,1.0000000000003062e-5,100.171621845,438.5012529614,0.05159047319110783,0.7348996445198441
2023-10-07T01:29:49Z,spot,ETHUSDT,1642.93,1642.92,0.0099999999999909,10078963.160392,16339361.41038,0.5639355867515649,0.6212490604942831
2023-10-07T01:29:49Z,spot,ADAUSDT,0.2643,0.2642,9.9999999999989e-5,820803.42102,6996038.889553,0.07220883332917012,0.8834538792496841
2023-10-07T01:29:49Z,spot,ATOMUSDT,6.91,6.909,0.00100000000000033,266681.04931,1392097.261473,0.07302997588672042,0.7638229795609416
2023-10-07T01:29:49Z,spot,AVAXUSDT,10.85,10.84,0.00999999999999978,880583.9551,2989118.157697,0.05360426523506289,0.8160284235595383
2023-10-07T01:29:49Z,spot,BNBBTC,0.007653,0.007652,1.0000000000001327e-6,17.89418531,132.45981184800002,0.06683819503899494,0.8811597172261793
2023-10-07T01:29:49Z,spot,DOGEUSDT,0.06148,0.06147,1.0000000000003062e-5,1192662.16309,5590902.6783114,0.05907848075265922,0.7832616317312725
2023-10-07T01:29:49Z,spot,EDUUSDT,0.43536,0.4351,2.60000000000038e-4,70792.65203,430805.06884,0.00984407042410054,0.7527917190072794
2023-10-07T01:29:49Z,spot,MATICUSDT,0.5719,0.5718,9.9999999999989e-5,538104.99414,5956012.327185,0.04419880030480287,0.7424574415854065
2023-10-07T01:29:49Z,spot,SOLUSDT,23.49,23.48,0.00999999999999801,2097728.1736,14890996.289934,0.0747504530158954,0.8549654400331852
2023-10-07T01:29:49Z,spot,WLDUSDT,1.648,1.647,9.9999999999989e-4,554599.8559,1354853.9705,0.02077835641057023,0.5898362143437923
2023-10-07T01:29:49Z,spot,XRPUSDT,0.5242,0.5241,9.9999999999989e-5,2552076.0535,13351405.7293015,0.07455181618841977,0.8061697387076451
2023-10-07T01:29:28Z,spot,BNBUSDT,213.4,213.3,0.09999999999999432,2233733.7243999997,17747529.5453878,0.03393774273938161,0.8502544122174854
2023-10-07T01:29:28Z,spot,BTCUSDT,27883.59,27883.58,0.00999999999839929,8160128.4766244,0,1,0
2023-10-07T01:29:28Z,spot,ETHBTC,0.05892,0.05891,1.0000000000003062e-5,97.057047539,438.5012529614,0.05006671305124353,0.7345447766848209
2023-10-07T01:29:28Z,spot,ETHUSDT,1642.76,1642.75,0.0099999999999909,10718891.717063,13964019.723587,0.6003182605940448,0.537073459207345
2023-10-07T01:29:28Z,spot,ADAUSDT,0.2642,0.2641,9.9999999999989e-5,828326.65144,6994716.829463,0.07278801085026007,0.8862419058130215
2023-10-07T01:29:28Z,spot,ATOMUSDT,6.91,6.909,0.00100000000000033,274765.44750999997,1392097.261473,0.07507765532861072,0.7651224509782982
2023-10-07T01:29:28Z,spot,AVAXUSDT,10.83,10.82,0.00999999999999978,1001030.2062,2956697.438797,0.06046336812703785,0.8156594170756846
2023-10-07T01:29:28Z,spot,BNBBTC,0.007653,0.007652,1.0000000000001327e-6,18.07837454,132.45981184800002,0.06747975209460072,0.8800436247192368
2023-10-07T01:29:28Z,spot,DOGEUSDT,0.06148,0.06147,1.0000000000003062e-5,1202700.64257,5590902.6972214,0.05954612684738611,0.7855984711025445
2023-10-07T01:29:28Z,spot,EDUUSDT,0.43508,0.43491,1.7000000000000348e-4,70755.03032,430747.7977,0.00983852957731765,0.7585925187587113
2023-10-07T01:29:28Z,spot,MATICUSDT,0.5718,0.5717,9.9999999999989e-5,546019.85912,5952535.498075,0.04481719225904929,0.7438815765054909
2023-10-07T01:29:28Z,spot,SOLUSDT,23.47,23.46,0.00999999999999801,2134433.9227,14815658.590634,0.0759401245718215,0.8524264998040292
2023-10-07T01:29:28Z,spot,WLDUSDT,1.647,1.646,0.00100000000000011,561857.0558,1354608.5028,0.02104336149342381,0.5948818893429004
2023-10-07T01:29:28Z,spot,XRPUSDT,0.5242,0.5241,9.9999999999989e-5,2562069.7341,13349409.7591015,0.07482180874088293,0.8068600292463854
2023-10-07T01:29:11Z,spot,BNBUSDT,213.4,213.3,0.09999999999999432,2207063.5178,17747529.5555878,0.03354612797002029,0.8497401307288254
2023-10-07T01:29:11Z,spot,BTCUSDT,27883.97,27883.96,0.01000000000203726,8074461.5173751,0,1,0
2023-10-07T01:29:11Z,spot,ETHBTC,0.05892,0.05891,1.0000000000003062e-5,102.279710155,438.5012529614,0.05261905366477215,0.7343980944243288
2023-10-07T01:29:11Z,spot,ETHUSDT,1642.81,1642.8,0.0099999999999909,10316166.671209,13944574.875985,0.5911293410631846,0.5349597117931124
2023-10-07T01:29:11Z,spot,ADAUSDT,0.2642,0.2641,9.9999999999989e-5,817912.17958,6994955.221463,0.07193868931717701,0.8860279186800417
2023-10-07T01:29:11Z,spot,ATOMUSDT,6.911,6.91,9.999999999994458e-4,278682.77636,1392080.005473,0.07606557708871611,0.7630962058302112
2023-10-07T01:29:11Z,spot,AVAXUSDT,10.83,10.82,0.00999999999999978,1011176.3155,2956593.078997,0.06103876039221961,0.8208825224395002
2023-10-07T01:29:11Z,spot,BNBBTC,0.007653,0.007652,1.0000000000001327e-6,18.089170659,132.45981184800002,0.06751738678561918,0.8799031777926838
2023-10-07T01:29:11Z,spot,DOGEUSDT,0.06149,0.06148,1.0000000000003062e-5,1187300.86549,5591247.2669714,0.05882880212280801,0.782953912116287
2023-10-07T01:29:11Z,spot,EDUUSDT,0.43521,0.43502999999999997,1.8000000000001348e-4,73061.24831,430799.04875,0.01015626287657763,0.7438882632882704
2023-10-07T01:29:11Z,spot,MATICUSDT,0.5717,0.5716,9.9999999999989e-5,566963.3820999999,5954305.916535,0.04645653768702741,0.7450437834595902
2023-10-07T01:29:11Z,spot,SOLUSDT,23.46,23.45,0.01000000000000156,2205170.6838,14810835.056534,0.07824494880259775,0.8570770877546302
2023-10-07T01:29:11Z,spot,WLDUSDT,1.649,1.648,0.00100000000000011,572079.5852,1339999.7764,0.02141724336140599,0.5871942409008498
2023-10-07T01:29:11Z,spot,XRPUSDT,0.5242,0.5241,9.9999999999989e-5,2700330.481,13349403.722801499,0.0785422314624355,0.8054886739198758
2023-10-07T01:28:53Z,spot,BNBUSDT,213.4,213.3,0.09999999999999432,2222631.9465,17747529.5555878,0.03377476718703633,0.8496382987497003
2023-10-07T01:28:53Z,spot,BTCUSDT,27883.67,27883.66,0.00999999999839929,7886484.3686494995,0,1,0
2023-10-07T01:28:53Z,spot,ETHBTC,0.05892,0.05891,1.0000000000003062e-5,95.726754702,438.5172474814,0.04941439340900655,0.734600445580591
2023-10-07T01:28:53Z,spot,ETHUSDT,1642.9,1642.89,0.0099999999999909,10230688.622282,16336921.456719,0.5676045848571465,0.6224496859075961
2023-10-07T01:28:53Z,spot,ADAUSDT,0.2642,0.2641,9.9999999999989e-5,807226.62639,6992936.442593,0.0710656417984856,0.88373223336411455
2023-10-07T01:28:53Z,spot,ATOMUSDT,6.91,6.909,0.00100000000000033,278460.6229,1391727.410433,0.07601058871281145,0.762834646830608
2023-10-07T01:28:53Z,spot,AVAXUSDT,10.84,10.83,0.00999999999999978,1024542.3653,2972856.036397,0.06181148369386274,0.8213940865426717
2023-10-07T01:28:53Z,spot,BNBBTC,0.007653,0.007652,1.0000000000001327e-6,18.117796637,132.46019336,0.06761700795717537,0.879534998103399
2023-10-07T01:28:53Z,spot,DOGEUSDT,0.06148,0.06147,1.0000000000003062e-5,1157867.23057,5590878.9785814,0.05745394057131845,0.7811456377874079
2023-10-07T01:28:53Z,spot,EDUUSDT,0.43531,0.43502999999999997,2.8000000000000247e-4,68728.973069999993,430888.93798,0.00955984660328814,0.7538902024878096
2023-10-07T01:28:53Z,spot,MATICUSDT,0.5718,0.5717,9.9999999999989e-5,519791.11285,5954488.024835,0.04275639051110859,0.7429230350041458
2023-10-07T01:28:53Z,spot,SOLUSDT,23.47,23.46,0.00999999999999801,2258167.7472,14815398.757834,0.07999029314039509,0.8649531585913526
2023-10-07T01:28:53Z,spot,WLDUSDT,1.648,1.647,9.9999999999989e-4,576442.2692999999,1335317.4271,0.02157681692032038,0.5864095389772814
2023-10-07T01:28:53Z,spot,XRPUSDT,0.5243,0.5242,9.9999999999989e-5,2724617.2924,13355931.9868015,0.07919551155166665,0.8081014403283596
2023-10-07T01:28:33Z,spot,BNBUSDT,213.4,213.3,0.09999999999999432,2205300.5017,17747529.5555878,0.03352022935058903,0.8506388732944742
2023-10-07T01:28:33Z,spot,BTCUSDT,27879.96,27879.95,0.00999999999839929,8388009.9828433,0,1,0
2023-10-07T01:28:33Z,spot,ETHBTC,0.05891,0.0589,9.999999999996125e-6,100.937991394,438.4076739447,0.05194969794054498,0.7340231558310724
2023-10-07T01:28:33Z,spot,ETHUSDT,1642.56,1642.55,0.0099999999999909,10080190.518705,13963362.805177,0.5851177215398755,0.5342676901224328
2023-10-07T01:28:33Z,spot,ADAUSDT,0.2642,0.2641,9.9999999999989e-5,806743.8749299999,6992936.459933,0.07102616051306139,0.8837093195871547
2023-10-07T01:28:33Z,spot,ATOMUSDT,6.911,6.91,9.999999999994458e-4,278614.51687,1391774.265753,0.07604836275117276,0.7621175626586046
2023-10-07T01:28:33Z,spot,AVAXUSDT,10.85,10.84,0.00999999999999978,1000949.7975,2986775.119597,0.06050152480087174,0.8196857998022955
2023-10-07T01:28:33Z,spot,BNBBTC,0.007653,0.007652,1.0000000000001327e-6,18.05878029,132.459812434,0.06741160206330804,0.8794384901146548
2023-10-07T01:28:33Z,spot,DOGEUSDT,0.06147,0.06146,9.999999999996125e-6,1168824.6902,5590743.9807414,0.05795966921924356,0.7813667827491134
2023-10-07T01:28:33Z,spot,EDUUSDT,0.43515,0.43489,2.5999999999998247e-4,70210.95144,430878.09752,0.00976359828654085,0.753069603306458
2023-10-07T01:28:33Z,spot,MATICUSDT,0.5718,0.5717,9.9999999999989e-5,522001.4001,5952116.129275,0.04293039659250172,0.7432319751518487
2023-10-07T01:28:33Z,spot,SOLUSDT,23.48,23.47,0.01000000000000156,2200572.3266,14880373.855234,0.07811606536220729,0.8584449041907021
2023-10-07T01:28:33Z,spot,WLDUSDT,1.648,1.647,9.9999999999989e-4,574596.804,1338291.9987,0.02150884314848234,0.5911100428572231
2023-10-07T01:28:33Z,spot,XRPUSDT,0.5244,0.5243,9.9999999999989e-5,2674446.5973,13369762.1091015,0.07785323300888662,0.8070917325335584
2023-10-07T01:28:17Z,spot,BNBUSDT,213.4,213.3,0.09999999999999432,2230423.5832,17747529.5555878,0.03388915518619233,0.8517209343849435
2023-10-07T01:28:17Z,spot,BTCUSDT,27883.98,27883.97,0.00999999999839929,8085510.7656611,0,1,0
2023-10-07T01:28:17Z,spot,ETHBTC,0.0589,0.05889,1.0000000000003062e-5,101.143328263,438.3248938959,0.05199672062529423,0.7352451284393763
2023-10-07T01:28:17Z,spot,ETHUSDT,1642.56,1642.55,0.0099999999999909,10455578.004679,13963362.805177,0.593949136615578,0.5343696906401165
2023-10-07T01:28:17Z,spot,ADAUSDT,0.2642,0.2641,9.9999999999989e-5,793848.85983,6999541.090543,0.06960792752387451,0.8846197968554702
2023-10-07T01:28:17Z,spot,ATOMUSDT,6.91,6.909,0.00100000000000033,278564.51900000003,1391725.889793,0.07603679250999058,0.7662591695786539
2023-10-07T01:28:17Z,spot,AVAXUSDT,10.84,10.83,0.00999999999999978,1048553.8262,2978441.559797,0.0631686487771813,0.8257589549381718
2023-10-07T01:28:17Z,spot,BNBBTC,0.007653,0.007652,1.0000000000001327e-6,16.626433286,132.459812434,0.0623984277571181,0.879715915204066
2023-10-07T01:28:17Z,spot,DOGEUSDT,0.06145,0.06144,9.999999999996125e-6,1171458.66821,5589388.4991814,0.05829123619544699,0.7879604996724419
2023-10-07T01:28:17Z,spot,EDUUSDT,0.43515,0.43489,2.5999999999998247e-4,73752.80995,439482.72122,0.01025554871803675,0.7692911481428666
2023-10-07T01:28:17Z,spot,MATICUSDT,0.5717,0.5716,9.9999999999989e-5,539666.21288,5951755.359505,0.04431895751527171,0.7459236476872476
2023-10-07T01:28:17Z,spot,SOLUSDT,23.48,23.47,0.01000000000000156,2195389.2851,14875811.893134,0.07794641860668958,0.857766610549531
2023-10-07T01:28:17Z,spot,WLDUSDT,1.65,1.649,9.9999999999989e-4,562675.2637,1353908.2172,0.02107226316762654,0.5939126847141644
2023-10-07T01:28:17Z,spot,XRPUSDT,0.5244,0.5243,9.9999999999989e-5,2697426.0258,13369762.1091015,0.07846967409502004,0.8075693362194291
2023-10-07T01:27:58Z,spot,BNBUSDT,213.4,213.3,0.09999999999999432,2259533.6664,17747529.5555878,0.03431627699997815,0.8512868421423869
2023-10-07T01:27:58Z,spot,BTCUSDT,27890.9,27890.89,0.01000000000203726,9065152.7479423,0,1,0
2023-10-07T01:27:58Z,spot,ETHBTC,0.05891,0.0589,9.999999999996125e-6,100.900487541,438.4076721267,0.05193126923317436,0.735230648737914
2023-10-07T01:27:58Z,spot,ETHUSDT,1642.76,1642.75,0.0099999999999909,10830129.586948,13963415.764281,0.5813455283596369,0.5428161537230063
2023-10-07T01:27:58Z,spot,ADAUSDT,0.2642,0.2641,9.9999999999989e-5,804000.50268,6994747.707293,0.07080173315650892,0.8838153282893615
2023-10-07T01:27:58Z,spot,ATOMUSDT,6.91,6.909,0.00100000000000033,281024.21297,1391725.889793,0.07665672194507936,0.7740453535310324
2023-10-07T01:27:58Z,spot,AVAXUSDT,10.84,10.83,0.00999999999999978,1032260.5921,2978383.729997,0.06224836277091693,0.8230484443264972
2023-10-07T01:27:58Z,spot,BNBBTC,0.00765,0.007649,9.999999999992654e-7,15.817754667,132.456011009,0.0593642637656857,0.8798140404466688
2023-10-07T01:27:58Z,spot,DOGEUSDT,0.06147,0.06146,9.999999999996125e-6,1258872.39304,5588710.8623214,0.06214732904747615,0.799131591649383
2023-10-07T01:27:58Z,spot,EDUUSDT,0.43515,0.43488,2.6999999999999247e-4,67474.46227,439375.21196,0.00938645270504691,0.7745000139284781
2023-10-07T01:27:58Z,spot,MATICUSDT,0.5714,0.5713,9.9999999999989e-5,579757.83676,5928699.167415,0.04746691431006608,0.748830065585178
2023-10-07T01:27:58Z,spot,SOLUSDT,23.48,23.47,0.01000000000000156,2211268.2662,14870581.042134,0.07846595818785777,0.8595926994390896
2023-10-07T01:27:58Z,spot,WLDUSDT,1.65,1.649,9.9999999999989e-4,570114.8498,1353931.7819,0.02134492966741032,0.6050310698261381
2023-10-07T01:27:58Z,spot,XRPUSDT,0.5244,0.5243,9.9999999999989e-5,2698767.5014,13368764.3013015,0.07850563476439334,0.8076746240806232
2023-10-07T01:27:38Z,spot,BNBUSDT,213.4,213.3,0.09999999999999432,2255777.9128,17747529.5555878,0.03426119139487032,0.850269608899252
2023-10-07T01:27:38Z,spot,BTCUSDT,27898.26,27898.25,0.00999999999839929,8724719.947744,0,1,0
2023-10-07T01:27:38Z,spot,ETHBTC,0.05891,0.0589,9.999999999996125e-6,101.752116342,438.4076732607,0.05234663960923277,0.7351448085805541
2023-10-07T01:27:38Z,spot,ETHUSDT,1643.31,1643.3,0.0099999999999909,11099516.997366,16346113.078613,0.5881844485138625,0.6343781621281732
2023-10-07T01:27:38Z,spot,ADAUSDT,0.2642,0.2641,9.9999999999989e-5,802031.4307,6994747.721443,0.07064058198548122,0.8833721202039151
2023-10-07T01:27:38Z,spot,ATOMUSDT,6.911,6.91,9.999999999994458e-4,274163.20377,1391772.745113,0.07492605617001942,0.7671785948331197
2023-10-07T01:27:38Z,spot,AVAXUSDT,10.84,10.83,0.00999999999999978,981329.1619,2975349.684197,0.0593600917710752,0.8235995922181537
2023-10-07T01:27:38Z,spot,BNBBTC,0.007649,0.007648,1.0000000000001327e-6,17.275839852,132.455898569,0.06448944428744503,0.8806037937216924
2023-10-07T01:27:38Z,spot,DOGEUSDT,0.06149,0.06148,1.0000000000003062e-5,1247875.45181,5586299.7499114005,0.06164503512930174,0.786362658384013
2023-10-07T01:27:38Z,spot,EDUUSDT,0.43515,0.43496,1.8999999999996797e-4,64782.9607,427342.62208,0.00901541607060881,0.7818624423896988
2023-10-07T01:27:38Z,spot,MATICUSDT,0.5717,0.5716,9.9999999999989e-5,533435.87819,5954380.795755,0.04383802169512534,0.7442674051775607
2023-10-07T01:27:38Z,spot,SOLUSDT,23.49,23.48,0.00999999999999801,2191101.8171,14884594.153334,0.07781883821822544,0.8547378584422757
2023-10-07T01:27:38Z,spot,WLDUSDT,1.652,1.651,9.9999999999989e-4,562152.9203,1358384.1529,0.02105709008357559,0.6054189803515324
2023-10-07T01:27:38Z,spot,XRPUSDT,0.5244,0.5243,9.9999999999989e-5,2678849.254,13368169.4097015,0.07797140156688045,0.806720323430653
2023-10-07T01:27:21Z,spot,BNBUSDT,213.4,213.3,0.09999999999999432,2172505.4316,17747535.1580878,0.03303821820773663,0.8494315653884892
2023-10-07T01:27:21Z,spot,BTCUSDT,27901.97,27901.96,0.01000000000203726,8547327.4483823,0,1,0
2023-10-07T01:27:21Z,spot,ETHBTC,0.05891,0.0589,9.999999999996125e-6,103.000867977,438.4076732607,0.05295504355491692,0.7350420111522122
2023-10-07T01:27:21Z,spot,ETHUSDT,1643.42,1643.41,0.0099999999999909,10922820.561274,16347678.228171,0.5842632478879802,0.6341939003106946
2023-10-07T01:27:21Z,spot,ADAUSDT,0.2642,0.2641,9.9999999999989e-5,799339.85725,6999862.796443,0.07042021030208602,0.8831915739700352
2023-10-07T01:27:21Z,spot,ATOMUSDT,6.911,6.91,9.999999999994458e-4,278905.62975,1391737.037273,0.07612345329371004,0.764115254614443
2023-10-07T01:27:21Z,spot,AVAXUSDT,10.83,10.82,0.00999999999999978,1037732.1104,2966303.567097,0.06255011393345034,0.823747298830515
2023-10-07T01:27:21Z,spot,BNBBTC,0.007649,0.007648,1.0000000000001327e-6,15.896841297,132.455905577,0.05964879787743551,0.8814380895778957
2023-10-07T01:27:21Z,spot,DOGEUSDT,0.06149,0.06148,1.0000000000003062e-5,1241467.60878,5586299.7499114005,0.06134790726571874,0.7858356465883987
2023-10-07T01:27:21Z,spot,EDUUSDT,0.43538,0.43515,2.30000000000008e-4,70480.79586,427379.295,0.00980104495545128,0.7561056597245284
2023-10-07T01:27:21Z,spot,MATICUSDT,0.5716,0.5715,9.9999999999989e-5,527653.81365,5942885.956495,0.04338504719749941,0.7440250211171554
2023-10-07T01:27:21Z,spot,SOLUSDT,23.5,23.49,0.01000000000000156,2177160.045,14896499.650234,0.07737305675120283,0.8544249371285682
2023-10-07T01:27:21Z,spot,WLDUSDT,1.652,1.651,9.9999999999989e-4,568039.5604,1362034.6443,0.02127290078776192,0.6108513029566169
2023-10-07T01:27:21Z,spot,XRPUSDT,0.5244,0.5243,9.9999999999989e-5,2669339.6165,13368169.4097015,0.07771612224078624,0.8064407731177653
2023-10-07T01:27:02Z,spot,BNBUSDT,213.4,213.3,0.09999999999999432,2198021.442,17747535.1580878,0.03341328562536309,0.8505421121497702
2023-10-07T01:27:02Z,spot,BTCUSDT,27898.26,27898.25,0.00999999999839929,8054320.3303863,0,1,0
2023-10-07T01:27:02Z,spot,ETHBTC,0.05891,0.0589,9.999999999996125e-6,103.51624544,438.4076784827,0.05320590724152431,0.7352772935365194
2023-10-07T01:27:02Z,spot,ETHUSDT,1643.42,1643.41,0.0099999999999909,10825140.261877,16337176.261795,0.5820890867226383,0.633180092017508
2023-10-07T01:27:02Z,spot,ADAUSDT,0.2642,0.2641,9.9999999999989e-5,795246.23147,6999844.336663,0.07008484562844469,0.884134080748434
2023-10-07T01:27:02Z,spot,ATOMUSDT,6.915,6.914,0.00100000000000033,262225.33566,1391892.086003,0.07190499663520265,0.7638624020133238
2023-10-07T01:27:02Z,spot,AVAXUSDT,10.82,10.81,0.00999999999999978,1026534.6731,2955507.675697,0.06192204076185954,0.8148621886584503
2023-10-07T01:27:02Z,spot,BNBBTC,0.007649,0.007648,1.0000000000001327e-6,17.115034636,132.455905577,0.06392754424739942,0.8826634877080727
2023-10-07T01:27:02Z,spot,DOGEUSDT,0.06149,0.06148,1.0000000000003062e-5,1231474.78261,5586299.7499114005,0.06088417015330993,0.7850766320181247
2023-10-07T01:27:02Z,spot,EDUUSDT,0.43548,0.43526,2.1999999999999795e-4,79264.6857,430781.09186,0.01100906155353416,0.7553721205072355
2023-10-07T01:27:02Z,spot,MATICUSDT,0.5716,0.5715,9.9999999999989e-5,525774.07218,5942836.035215,0.04323717265665539,0.74597004684368
2023-10-07T01:27:02Z,spot,SOLUSDT,23.49,23.48,0.00999999999999801,2167847.1362,14883163.593734,0.07705657028440022,0.8564589818952402
2023-10-07T01:27:02Z,spot,WLDUSDT,1.652,1.651,9.9999999999989e-4,557384.6648,1358272.6407,0.02088221128292741,0.6020893878292022
2023-10-07T01:27:02Z,spot,XRPUSDT,0.5244,0.5243,9.9999999999989e-5,2672927.7323,13368169.4076015,0.07781176963887573,0.8052862778732969
2023-10-07T01:26:42Z,spot,BNBUSDT,213.4,213.3,0.09999999999999432,2203767.1821,17747535.1580878,0.03349770383281402,0.8503717265332297
2023-10-07T01:26:42Z,spot,BTCUSDT,27894.66,27894.65,0.00999999999839929,7714644.2724197,0,1,0
2023-10-07T01:26:42Z,spot,ETHBTC,0.05892,0.05891,1.0000000000003062e-5,104.555111798,438.5131367844,0.05372675507193986,0.737434763676591
2023-10-07T01:26:42Z,spot,ETHUSDT,1643.42,1643.41,0.0099999999999909,10285263.668661,16337376.238889,0.5696129564437449,0.6269411761822352
2023-10-07T01:26:42Z,spot,ADAUSDT,0.2642,0.2641,9.9999999999989e-5,815245.53477,6999844.374413,0.07172096847303364,0.8823313535641095
2023-10-07T01:26:42Z,spot,ATOMUSDT,6.914,6.913,9.999999999994458e-4,277008.11697000003,1391810.650503,0.0756519312163369,0.7629007884070014
2023-10-07T01:26:42Z,spot,AVAXUSDT,10.81,10.8,0.00999999999999978,1025698.029,2953741.383597,0.06182097582920252,0.8144750088089285
2023-10-07T01:26:42Z,spot,BNBBTC,0.007649,0.007648,1.0000000000001327e-6,15.820553907,132.456208134,0.05937954643911956,0.8818139782324849
2023-10-07T01:26:42Z,spot,DOGEUSDT,0.06149,0.06148,1.0000000000003062e-5,1247407.25844,5588240.6331814,0.06162333165190018,0.7931929244971172
2023-10-07T01:26:42Z,spot,EDUUSDT,0.43548,0.43531,1.7000000000000348e-4,70217.80264,439404.89066,0.009760750491602,0.7725534237553235
2023-10-07T01:26:42Z,spot,MATICUSDT,0.5715,0.5714,9.9999999999989e-5,521518.3381,5931933.638285,0.04290287440469517,0.7456545613366434
2023-10-07T01:26:42Z,spot,SOLUSDT,23.49,23.48,0.00999999999999801,2260523.8685,14889071.901334,0.08008697776032023,0.8553827647816264
2023-10-07T01:26:42Z,spot,WLDUSDT,1.651,1.65,0.00100000000000011,555737.8591,1363524.4242,0.0208182603496668,0.600386744564811
2023-10-07T01:26:42Z,spot,XRPUSDT,0.5244,0.5243,9.9999999999989e-5,2716138.5069,13368169.4097015,0.07897034353641252,0.8099682984999468
2023-10-07T01:26:25Z,spot,BNBUSDT,213.4,213.3,0.09999999999999432,2200590.7009,17747529.5555878,0.03345104271567454,0.8503249969803991
2023-10-07T01:26:25Z,spot,BTCUSDT,27889.79,27889.78,0.01000000000203726,8199671.6222413,0,1,0
2023-10-07T01:26:25Z,spot,ETHBTC,0.05893,0.05892,1.0000000000003062e-5,110.703103012,438.6811885268,0.05688929862266816,0.7364863224702644
2023-10-07T01:26:25Z,spot,ETHUSDT,1643.42,1643.41,0.0099999999999909,10505944.55028,16348923.119083,0.5748191423673656,0.6329531537178056
2023-10-07T01:26:25Z,spot,ADAUSDT,0.2642,0.2641,9.9999999999989e-5,812398.22415,6999844.359873,0.07148329894969561,0.8836293744602727
2023-10-07T01:26:25Z,spot,ATOMUSDT,6.913,6.912,0.00100000000000033,277753.91136,1392152.840583,0.07584058086000377,0.7610140853625024
2023-10-07T01:26:25Z,spot,AVAXUSDT,10.81,10.8,0.00999999999999978,1009604.5,2953777.427697,0.06091006721974348,0.8129155907100393
2023-10-07T01:26:25Z,spot,BNBBTC,0.007649,0.007648,1.0000000000001327e-6,15.858228834,132.456208134,0.05971650625230165,0.8803345987829387
2023-10-07T01:26:25Z,spot,DOGEUSDT,0.06149,0.06148,1.0000000000003062e-5,1248260.31476,5588240.6331814,0.06167135197441535,0.7959862283669502
2023-10-07T01:26:25Z,spot,EDUUSDT,0.43538,0.4352,1.8000000000001348e-4,74793.66329,439390.63882,0.01039022467790831,0.7718464898255385
2023-10-07T01:26:25Z,spot,MATICUSDT,0.5714,0.5713,9.9999999999989e-5,530102.54443,5930827.130955,0.04358538661688029,0.7473894437502149
2023-10-07T01:26:25Z,spot,SOLUSDT,23.47,23.46,0.00999999999999801,2279471.3449999997,14816972.313234,0.08070138867430492,0.8600241633564106
2023-10-07T01:26:25Z,spot,WLDUSDT,1.649,1.648,0.00100000000000011,572741.8473,1339992.488,0.02144112443167532,0.5990076617511182
2023-10-07T01:26:25Z,spot,XRPUSDT,0.5244,0.5243,9.9999999999989e-5,2683618.9487,13367201.9635015,0.07809869545014525,0.8083856404711676
2023-10-07T01:26:09Z,spot,BNBUSDT,213.3,213.2,0.10000000000002274,2324425.4981,17684210.220187802,0.0352624294491687,0.8537838212681889
2023-10-07T01:26:09Z,spot,BTCUSDT,27887,27886.99,0.00999999999839929,8412733.5050582,0,1,0
2023-10-07T01:26:09Z,spot,ETHBTC,0.05893,0.05892,1.0000000000003062e-5,109.694691642,438.6811885268,0.05640031283543761,0.7368508393005724
2023-10-07T01:26:09Z,spot,ETHUSDT,1643.34,1643.33,0.0099999999999909,10307816.490258,16343739.470301,0.5701283529350957,0.6290770529084725
2023-10-07T01:26:09Z,spot,ADAUSDT,0.2642,0.2641,9.9999999999989e-5,793494.61975,6999844.359873,0.06993628959118262,0.8836713950638987
2023-10-07T01:26:09Z,spot,ATOMUSDT,6.913,6.912,0.00100000000000033,258569.69545,1392152.840583,0.07097363811384833,0.7624896385620749
2023-10-07T01:26:09Z,spot,AVAXUSDT,10.81,10.8,0.00999999999999978,985927.5887,2956881.873097,0.05956708780039996,0.8096987395117466
2023-10-07T01:26:09Z,spot,BNBBTC,0.007648,0.007647,1.0000000000001327e-6,15.944537474,132.455533584,0.0600233604900899,0.8805395116526962
2023-10-07T01:26:09Z,spot,DOGEUSDT,0.06149,0.06148,1.0000000000003062e-5,1240677.4184,5588240.6331814,0.06131968536331957,0.7956164129320875
2023-10-07T01:26:09Z,spot,EDUUSDT,0.43526,0.43507,1.8999999999996797e-4,76396.01461,435998.74022,0.01061948064783513,0.7715588692990423
2023-10-07T01:26:09Z,spot,MATICUSDT,0.5714,0.5713,9.9999999999989e-5,547901.96406,5933176.142635,0.04498345954327962,0.7474645353879182
2023-10-07T01:26:09Z,spot,SOLUSDT,23.5,23.49,0.01000000000000156,2273482.7775,14892741.887634,0.0805209783699495,0.8618609417840352
2023-10-07T01:26:09Z,spot,WLDUSDT,1.648,1.647,9.9999999999989e-4,574039.5023,1329828.7908,0.02148744928154404,0.6230563140536467
2023-10-07T01:26:09Z,spot,XRPUSDT,0.5244,0.5243,9.9999999999989e-5,2683992.5376,13367207.3027015,0.07810871841500555,0.8084857972255841
2023-10-07T01:25:50Z,spot,BNBUSDT,213.4,213.3,0.09999999999999432,2291086.0921,17745026.2761878,0.03477938791462926,0.8566186806846291
2023-10-07T01:25:50Z,spot,BTCUSDT,27890.92,27890.91,0.00999999999839929,8892143.1931722,0,1,0
2023-10-07T01:25:50Z,spot,ETHBTC,0.05893,0.05892,1.0000000000003062e-5,104.779688782,438.6811885268,0.05400971594340419,0.735849456947091
2023-10-07T01:25:50Z,spot,ETHUSDT,1643.58,1643.57,0.0099999999999909,10948707.673202,16325688.507314,0.5850973905494185,0.6314841618823158
2023-10-07T01:25:50Z,spot,ADAUSDT,0.2642,0.2641,9.9999999999989e-5,800038.12337,6999844.359873,0.07047237162297079,0.8876769116428473
2023-10-07T01:25:50Z,spot,ATOMUSDT,6.913,6.912,0.00100000000000033,276033.96891,1392152.840583,0.07540585603427975,0.7794203284186175
2023-10-07T01:25:50Z,spot,AVAXUSDT,10.8,10.79,0.01000000000000156,1012725.7645,2945182.884897,0.06108112229713934,0.8137535710044006
2023-10-07T01:25:50Z,spot,BNBBTC,0.007648,0.007647,1.0000000000001327e-6,17.297325924,132.455533584,0.06478601698235048,0.8807363427335217
2023-10-07T01:25:50Z,spot,DOGEUSDT,0.0615,0.06149,9.999999999996125e-6,1245092.96056,5588578.4690214,0.0615250709686176,0.7880548064692281
2023-10-07T01:25:50Z,spot,EDUUSDT,0.43535,0.43521,1.40000000000029e-4,74897.33989,427379.295,0.01041312068439273,0.7613522152028326
2023-10-07T01:25:50Z,spot,MATICUSDT,0.5713,0.5712,9.9999999999989e-5,569246.52727,5928159.813085,0.04665380481500129,0.7479931867443493
2023-10-07T01:25:50Z,spot,SOLUSDT,23.5,23.49,0.01000000000000156,2339071.7892,14889847.301434,0.08265197416223849,0.8614216162055033
2023-10-07T01:25:50Z,spot,WLDUSDT,1.65,1.649,9.9999999999989e-4,582093.1343,1342306.7835,0.02177734618448098,0.6134004072383977
2023-10-07T01:25:50Z,spot,XRPUSDT,0.5244,0.5243,9.9999999999989e-5,2778488.5539,13367201.9677015,0.08063696103472838,0.8069414518634123
2023-10-07T01:25:33Z,spot,BNBUSDT,213.4,213.3,0.09999999999999432,2292708.6029,17744879.5625878,0.03480316091586003,0.8565573560227252
2023-10-07T01:25:33Z,spot,BTCUSDT,27891.73,27891.72,0.00999999999839929,9005807.1822636,0,1,0
2023-10-07T01:25:33Z,spot,ETHBTC,0.05893,0.05892,1.0000000000003062e-5,110.453270231,438.6809867728,0.05676820024583965,0.7355491864540978
2023-10-07T01:25:33Z,spot,ETHUSDT,1643.72,1643.71,0.0099999999999909,10990763.808385,16323303.765828,0.5860323792613136,0.6337188207552604
2023-10-07T01:25:33Z,spot,ADAUSDT,0.2642,0.2641,9.9999999999989e-5,800180.41733,6999844.359873,0.07048402188386386,0.8876149909546752
2023-10-07T01:25:33Z,spot,ATOMUSDT,6.913,6.912,0.00100000000000033,275571.38025,1392152.840583,0.07528900204328225,0.7833412774304752
2023-10-07T01:25:33Z,spot,AVAXUSDT,10.8,10.79,0.01000000000000156,1015401.892,2948277.431997,0.061233195971585,0.8184775122815457
2023-10-07T01:25:33Z,spot,BNBBTC,0.007648,0.007647,1.0000000000001327e-6,17.345247916,132.455533584,0.06495384722475166,0.8802333451258496
2023-10-07T01:25:33Z,spot,DOGEUSDT,0.0615,0.06149,9.999999999996125e-6,1230237.40879,5588578.4690214,0.06083565596809768,0.7849163772821653
2023-10-07T01:25:33Z,spot,EDUUSDT,0.43535,0.43521,1.40000000000029e-4,76251.14053,427379.295,0.01059470652988285,0.7583881869676914
2023-10-07T01:25:33Z,spot,MATICUSDT,0.5713,0.5712,9.9999999999989e-5,572589.46837,5931154.556425,0.04691492898336445,0.7479686192095784
2023-10-07T01:25:33Z,spot,SOLUSDT,23.51,23.5,0.01000000000000156,2326093.4370999997,14915588.720534,0.08225068974334478,0.8658659099701563
2023-10-07T01:25:33Z,spot,WLDUSDT,1.652,1.651,9.9999999999989e-4,560700.8327,1350194.7416,0.02099778133067584,0.6021571195519495
2023-10-07T01:25:33Z,spot,XRPUSDT,0.5246,0.5245,9.9999999999989e-5,2781249.5893,13471200.8771015,0.08085195426528587,0.8114122746600445
2023-10-07T01:25:17Z,spot,BNBUSDT,213.4,213.3,0.09999999999999432,2267528.4131,17744867.5817878,0.03443411474813879,0.8569627727539608
2023-10-07T01:25:17Z,spot,BTCUSDT,27900.47,27900.46,0.01000000000203726,8899163.270697,0,1,0
2023-10-07T01:25:17Z,spot,ETHBTC,0.05893,0.05892,1.0000000000003062e-5,104.676262777,437.5598293178,0.05395928067129165,0.7329258739612267
2023-10-07T01:25:17Z,spot,ETHUSDT,1644.01,1644,0.0099999999999909,11056763.534617,15619386.930852,0.5877363838374673,0.6172911346711374
2023-10-07T01:25:17Z,spot,ADAUSDT,0.2642,0.2641,9.9999999999989e-5,799279.2192800001,6999837.141273,0.07041022902464102,0.8882271129045693
2023-10-07T01:25:17Z,spot,ATOMUSDT,6.913,6.912,0.00100000000000033,279236.45995,1392152.840583,0.07621402437395425,0.7654543246230312
2023-10-07T01:25:17Z,spot,AVAXUSDT,10.81,10.8,0.00999999999999978,1046594.2434,2956881.826797,0.0630020483325134,0.8191987719603663
2023-10-07T01:25:17Z,spot,BNBBTC,0.007647,0.007646,1.0000000000001327e-6,15.046178382,132.433074066,0.05675119398541324,0.8809319767160062
2023-10-07T01:25:17Z,spot,DOGEUSDT,0.0615,0.06149,9.999999999996125e-6,1221787.73919,5567633.7569214,0.06044305167102862,0.7802739367450954
2023-10-07T01:25:17Z,spot,EDUUSDT,0.43545,0.43534,1.09999999999999e-4,74533.93903,427385.5551,0.01036122275058633,0.7603366640469218
2023-10-07T01:25:17Z,spot,MATICUSDT,0.5713,0.5712,9.9999999999989e-5,559459.61578,5931148.570555,0.04588869336997506,0.7475990634146387
2023-10-07T01:25:17Z,spot,SOLUSDT,23.51,23.5,0.01000000000000156,2334179.1976,14915741.493734,0.08251306177227953,0.8670209746579354
2023-10-07T01:25:17Z,spot,WLDUSDT,1.652,1.651,9.9999999999989e-4,570505.7946,1349428.4412,0.02135712695074008,0.5994572974787273
2023-10-07T01:25:17Z,spot,XRPUSDT,0.5246,0.5245,9.9999999999989e-5,2784021.1475,13471208.1506015,0.08092600426115125,0.8059428493898613
2023-10-07T01:24:58Z,spot,BNBUSDT,213.4,213.3,0.09999999999999432,2274853.8357,17744855.6009878,0.03454151974864893,0.8550068017477702
2023-10-07T01:24:58Z,spot,BTCUSDT,27901.79,27901.78,0.01000000000203726,8509403.2649306,0,1,0
2023-10-07T01:24:58Z,spot,ETHBTC,0.05893,0.05892,1.0000000000003062e-5,110.938655024,437.5438347978,0.05700344656560335,0.7335597976426876
2023-10-07T01:24:58Z,spot,ETHUSDT,1644.03,1644.02,0.0099999999999909,11000796.877225,15617323.259624,0.5865075791273057,0.6137633906105514
2023-10-07T01:24:58Z,spot,ADAUSDT,0.2643,0.2642,9.9999999999989e-5,811888.18921,6996030.243783,0.07146043914393782,0.885650621521361
2023-10-07T01:24:58Z,spot,ATOMUSDT,6.915,6.914,0.00100000000000033,277064.23292,1392229.105743,0.07566634910922768,0.7625331283314317
2023-10-07T01:24:58Z,spot,AVAXUSDT,10.81,10.8,0.00999999999999978,1009680.4222,2960865.545697,0.06091584338740262,0.817897119283079
2023-10-07T01:24:58Z,spot,BNBBTC,0.007647,0.007646,1.0000000000001327e-6,15.073649921,132.433071498,0.05684892064465367,0.8805246624372904
2023-10-07T01:24:58Z,spot,DOGEUSDT,0.0615,0.06149,9.999999999996125e-6,1221829.18111,5567648.7300614,0.06044497790034066,0.7797046905049425
2023-10-07T01:24:58Z,spot,EDUUSDT,0.43555,0.4354,1.4999999999998348e-4,78330.50007,430975.25788,0.01087850880973697,0.75650991419585
2023-10-07T01:24:58Z,spot,MATICUSDT,0.5712,0.5711,9.9999999999989e-5,579791.7943599999,5929922.7384049995,0.04747337185268132,0.7495310065783376
2023-10-07T01:24:58Z,spot,SOLUSDT,23.52,23.51,0.00999999999999801,2312133.9631,14915373.396334,0.0818128090314691,0.865765140533134
2023-10-07T01:24:58Z,spot,WLDUSDT,1.652,1.651,9.9999999999989e-4,573703.0713,1349769.9229,0.02147315247916374,0.6039951534017813
2023-10-07T01:24:58Z,spot,XRPUSDT,0.5246,0.5245,9.9999999999989e-5,2787567.5087,13471202.2978015,0.08102073790569304,0.8055394696938731
2023-10-07T01:24:42Z,spot,BNBUSDT,213.4,213.3,0.09999999999999432,2273553.6161,17744741.6201878,0.03452527594077922,0.8560863600081254
2023-10-07T01:24:42Z,spot,BTCUSDT,27901.79,27901.78,0.01000000000203726,8807201.8304981,0,1,0
2023-10-07T01:24:42Z,spot,ETHBTC,0.05893,0.05892,1.0000000000003062e-5,109.820722116,437.5438366308,0.05646145365473518,0.7344255857779107
2023-10-07T01:24:42Z,spot,ETHUSDT,1644.05,1644.04,0.0099999999999909,10968002.251726,15616631.936214,0.5857797593719307,0.6153038763284806
2023-10-07T01:24:42Z,spot,ADAUSDT,0.2643,0.2642,9.9999999999989e-5,809210.6722200001,7001139.328643,0.07124155995749117,0.8871552316628889
2023-10-07T01:24:42Z,spot,ATOMUSDT,6.916,6.915,0.00100000000000033,277631.54993,1392248.223163,0.07581154168506443,0.7632868598391278
2023-10-07T01:24:42Z,spot,AVAXUSDT,10.81,10.8,0.00999999999999978,1000369.9912,2958844.200797,0.06038879341710043,0.819486343843282
2023-10-07T01:24:42Z,spot,BNBBTC,0.007647,0.007646,1.0000000000001327e-6,15.103362488,132.433449872,0.05695459669551879,0.8807966914128452
2023-10-07T01:24:42Z,spot,DOGEUSDT,0.0615,0.06149,9.999999999996125e-6,1212973.86599,5567581.1521814,0.06003319693624682,0.7799650268898871
2023-10-07T01:24:42Z,spot,EDUUSDT,0.43556,0.4354,1.5999999999999348e-4,77663.12301,439596.01145,0.01078724803732378,0.7709838074436632
2023-10-07T01:24:42Z,spot,MATICUSDT,0.5713,0.5712,9.9999999999989e-5,549243.2284199999,5930126.363105,0.04508550369132887,0.7462876419922866
2023-10-07T01:24:42Z,spot,SOLUSDT,23.52,23.51,0.00999999999999801,2257941.3389,14913468.543634,0.08004874921594177,0.8622611168524504
2023-10-07T01:24:42Z,spot,WLDUSDT,1.653,1.652,0.00100000000000011,574510.9243000001,1354021.5091,0.02150400311261,0.6056486588815584
2023-10-07T01:24:42Z,spot,XRPUSDT,0.5246,0.5245,9.9999999999989e-5,2784890.1134,13471196.4450015,0.08094921867970438,0.8055844504131795
2023-10-07T01:24:26Z,spot,BNBUSDT,213.4,213.3,0.09999999999999432,2241068.4798,17744735.6297878,0.03404635821531796,0.8551561532434008
2023-10-07T01:24:26Z,spot,BTCUSDT,27901.79,27901.78,0.01000000000203726,8835444.0344028,0,1,0
2023-10-07T01:24:26Z,spot,ETHBTC,0.05894,0.05893,9.999999999996125e-6,109.606504404,437.6008216426,0.05639882270867707,0.732962710320986
2023-10-07T01:24:26Z,spot,ETHUSDT,1644.09,1644.08,0.0099999999999909,10672543.747701,15618152.140421,0.579179030753573,0.6158776256719952
2023-10-07T01:24:26Z,spot,ADAUSDT,0.2643,0.2642,9.9999999999989e-5,798941.74859,7001096.938413,0.0703959261294236,0.8882910840603936
2023-10-07T01:24:26Z,spot,ATOMUSDT,6.916,6.915,0.00100000000000033,278551.25513,1392933.347203,0.07604358370561218,0.762410523946632
2023-10-07T01:24:26Z,spot,AVAXUSDT,10.81,10.8,0.00999999999999978,1032737.0677,2958834.000797,0.06222110625836311,0.8200832276521612
2023-10-07T01:24:26Z,spot,BNBBTC,0.007647,0.007646,1.0000000000001327e-6,15.100265538,132.433069872,0.05694358315374591,0.8805191859629449
2023-10-07T01:24:26Z,spot,DOGEUSDT,0.0615,0.06149,9.999999999996125e-6,1231236.84967,5567569.1523014,0.06088204878845742,0.7819903870751121
2023-10-07T01:24:26Z,spot,EDUUSDT,0.43545,0.43534,1.09999999999999e-4,76521.73612,439530.16401,0.01063039684224966,0.7718038395519848
2023-10-07T01:24:26Z,spot,MATICUSDT,0.5713,0.5712,9.9999999999989e-5,562402.88195,5930114.418425,0.04611592847394074,0.7475510377763165
2023-10-07T01:24:26Z,spot,SOLUSDT,23.52,23.51,0.00999999999999801,2322172.4504,14915458.962234,0.08213883604045773,0.8638334144720101
2023-10-07T01:24:26Z,spot,WLDUSDT,1.652,1.651,9.9999999999989e-4,571792.0479,1348294.0139,0.02140421025942021,0.6010732804478752
2023-10-07T01:24:26Z,spot,XRPUSDT,0.5246,0.5245,9.9999999999989e-5,2796193.9866,13471184.7394015,0.0812510947651839,0.807827265738039
2023-10-07T01:24:07Z,spot,BNBUSDT,213.4,213.3,0.09999999999999432,2238828.6335,17729965.5735878,0.03401311635194982,0.8555664128001177
2023-10-07T01:24:07Z,spot,BTCUSDT,27899.92,27899.91,0.00999999999839929,8334951.151289,0,1,0
2023-10-07T01:24:07Z,spot,ETHBTC,0.05894,0.05893,9.999999999996125e-6,109.309208438,437.1850883906,0.05627029221444837,0.7328357648122291
2023-10-07T01:24:07Z,spot,ETHUSDT,1644.18,1644.17,0.0099999999999909,10560865.468457,15617304.371836,0.5863662120124485,0.6112403013885803
2023-10-07T01:24:07Z,spot,ADAUSDT,0.2644,0.2643,1.000000000000445e-4,764072.3570000001,7007989.462153,0.06754000906404523,0.8837994111990627
2023-10-07T01:24:07Z,spot,ATOMUSDT,6.919,6.918,9.999999999994458e-4,252046.20799,1393518.678633,0.06932114030283329,0.7597175417748951
2023-10-07T01:24:07Z,spot,AVAXUSDT,10.81,10.8,0.00999999999999978,1022137.3205,2958998.214297,0.06162183787834494,0.8188833542965868
2023-10-07T01:24:07Z,spot,BNBBTC,0.007648,0.007647,1.0000000000001327e-6,15.436149237,132.455528175,0.05822095335525271,0.8811047538335035
2023-10-07T01:24:07Z,spot,DOGEUSDT,0.0615,0.06149,9.999999999996125e-6,1206169.62288,5565566.6910914,0.05971654755559382,0.7806479495294295
2023-10-07T01:24:07Z,spot,EDUUSDT,0.43557,0.43538,1.9000000000002348e-4,73645.03843,436169.92578,0.01023931284510169,0.7704484012491403
2023-10-07T01:24:07Z,spot,MATICUSDT,0.5714,0.5713,9.9999999999989e-5,533906.36874,5933220.124125,0.04388217503862934,0.7453908100230511
2023-10-07T01:24:07Z,spot,SOLUSDT,23.54,23.53,0.00999999999999801,2502068.1678,14923413.988034,0.08750452327501253,0.8615775613021259
2023-10-07T01:24:07Z,spot,WLDUSDT,1.651,1.65,0.00100000000000011,567090.6519,1344302.126,0.02122678610671717,0.6059687397882844
2023-10-07T01:24:07Z,spot,XRPUSDT,0.5246,0.5245,9.9999999999989e-5,2753990.8584,13471162.2944015,0.08012301249785948,0.8069500905262162
2023-10-07T01:23:50Z,spot,BNBUSDT,213.4,213.3,0.09999999999999432,2294668.1655,17729995.5723878,0.03483192655546768,0.8549910217766403
2023-10-07T01:23:50Z,spot,BTCUSDT,27895.01,27895,0.00999999999839929,8790211.5881119,0,1,0
2023-10-07T01:23:50Z,spot,ETHBTC,0.05894,0.05893,9.999999999996125e-6,103.842666517,437.1590405606,0.05360855826806807,0.7326488549630135
2023-10-07T01:23:50Z,spot,ETHUSDT,1644.02,1644.01,0.0099999999999909,10280803.448527,15615736.809377,0.5700109060836461,0.6119958194388431
2023-10-07T01:23:50Z,spot,ADAUSDT,0.2644,0.2643,1.000000000000445e-4,762674.31322,7002932.870153,0.06742476162639079,0.8839005824568815
2023-10-07T01:23:50Z,spot,ATOMUSDT,6.918,6.917,0.00100000000000033,280140.68103,1392574.340313,0.0764570292767424,0.7622433048694939
2023-10-07T01:23:50Z,spot,AVAXUSDT,10.8,10.79,0.01000000000000156,1005442.8894,2951419.196497,0.06067034928156215,0.8177151701070727
2023-10-07T01:23:50Z,spot,BNBBTC,0.007648,0.007647,1.0000000000001327e-6,15.345509803,132.455528175,0.05789887981356292,0.8809766373755231
2023-10-07T01:23:50Z,spot,DOGEUSDT,0.0615,0.06149,9.999999999996125e-6,1247497.64884,5565678.5902914,0.06163655118333642,0.7838586083907606
2023-10-07T01:23:50Z,spot,EDUUSDT,0.43554,0.43537,1.7000000000000348e-4,66870.04543,436146.88747,0.00930611135122166,0.7759112817800031
2023-10-07T01:23:50Z,spot,MATICUSDT,0.5712,0.5711,9.9999999999989e-5,572154.0621,5930034.500555,0.04687768055498604,0.7494108400833479
2023-10-07T01:23:50Z,spot,SOLUSDT,23.53,23.52,0.01000000000000156,2543572.0507,14915238.132534,0.08882558230344367,0.8619660338618851
2023-10-07T01:23:50Z,spot,WLDUSDT,1.651,1.65,0.00100000000000011,565964.5791,1344979.6263,0.02118552901551083,0.608128936804263
2023-10-07T01:23:50Z,spot,XRPUSDT,0.5246,0.5245,9.9999999999989e-5,2752763.2786,13471208.1878015,0.08009015838278295,0.8076150716437035
2023-10-07T01:23:34Z,spot,BNBUSDT,213.4,213.3,0.09999999999999432,2273126.4585,17728132.1652878,0.03451591431671343,0.8559877037258975
2023-10-07T01:23:34Z,spot,BTCUSDT,27895.01,27895,0.00999999999839929,9351318.8529723,0,1,0
2023-10-07T01:23:34Z,spot,ETHBTC,0.05894,0.05893,9.999999999996125e-6,109.197845761,437.1590405606,0.05621773873197272,0.732496396108152
2023-10-07T01:23:34Z,spot,ETHUSDT,1644.02,1644.01,0.0099999999999909,10839454.541626,15615647.7728,0.5829263332541651,0.6161902876815748
2023-10-07T01:23:34Z,spot,ADAUSDT,0.2644,0.2643,1.000000000000445e-4,795329.00035,7010090.889843,0.07010922652560318,0.8892356312286129
2023-10-07T01:23:34Z,spot,ATOMUSDT,6.917,6.916,9.999999999994458e-4,269916.00966,1392252.656433,0.07386628130339772,0.7681021595842095
2023-10-07T01:23:34Z,spot,AVAXUSDT,10.79,10.78,0.00999999999999978,979005.8646,2947909.484997,0.05916380753355057,0.8106937584556928
2023-10-07T01:23:34Z,spot,BNBBTC,0.007648,0.007647,1.0000000000001327e-6,15.40529599,132.455528175,0.05811134572570884,0.881029871471783
2023-10-07T01:23:34Z,spot,DOGEUSDT,0.0615,0.06149,9.999999999996125e-6,1262102.93973,5565868.5902914,0.06231320510870292,0.7848465636809163
2023-10-07T01:23:34Z,spot,EDUUSDT,0.43558,0.43537,2.1000000000004349e-4,76936.06102,436146.88747,0.01069199173706952,0.7700215661027973
2023-10-07T01:23:34Z,spot,MATICUSDT,0.5714,0.5713,9.9999999999989e-5,513054.68383,5933238.116795,0.04224075016414745,0.7458278054942368
2023-10-07T01:23:34Z,spot,SOLUSDT,23.54,23.53,0.00999999999999801,2514099.4404,14923149.136034,0.08788827094696045,0.869693737897995
2023-10-07T01:23:34Z,spot,WLDUSDT,1.652,1.651,9.9999999999989e-4,567370.5442,1344227.606,0.02124073312772634,0.6113000233546374
2023-10-07T01:23:34Z,spot,XRPUSDT,0.5246,0.5245,9.9999999999989e-5,2790502.6125,13471202.1462015,0.08109910346861919,0.8078592423491784
2023-10-07T01:23:16Z,spot,BNBUSDT,213.4,213.3,0.09999999999999432,2302371.184,17720103.8408878,0.03494445158806821,0.8560508847537361
2023-10-07T01:23:16Z,spot,BTCUSDT,27896.37,27896.36,0.00999999999839929,9641968.6459223,0,1,0
2023-10-07T01:23:16Z,spot,ETHBTC,0.05894,0.05893,9.999999999996125e-6,107.938996758,437.1590400956,0.05560568965360735,0.7331990558222162
2023-10-07T01:23:16Z,spot,ETHUSDT,1644.03,1644.02,0.0099999999999909,10888203.00112,15617049.825666,0.5840188917929003,0.6161194533127252
2023-10-07T01:23:16Z,spot,ADAUSDT,0.2644,0.2643,1.000000000000445e-4,792239.89429,7010084.882723,0.06985594040431206,0.8888864045726694
2023-10-07T01:23:16Z,spot,ATOMUSDT,6.916,6.915,0.00100000000000033,269485.9492,1392242.219853,0.07375155059648461,0.7651536478049202
2023-10-07T01:23:16Z,spot,AVAXUSDT,10.79,10.78,0.00999999999999978,1006004.6633,2943892.988997,0.06069638084616517,0.8218832396002232
2023-10-07T01:23:16Z,spot,BNBBTC,0.007648,0.007647,1.0000000000001327e-6,15.458868615,132.455523841,0.05830164872043546,0.8809633709647777
2023-10-07T01:23:16Z,spot,DOGEUSDT,0.0615,0.06149,9.999999999996125e-6,1258532.67577,5565868.5902914,0.06214788716345398,0.7849643247015665
2023-10-07T01:23:16Z,spot,EDUUSDT,0.43553,0.43537,1.5999999999999348e-4,72772.68944,439563.01134,0.01011481937427612,0.7771085114471116
2023-10-07T01:23:16Z,spot,MATICUSDT,0.5713,0.5712,9.9999999999989e-5,553628.74314,5931431.541305,0.04542914906954882,0.7484162819592538
2023-10-07T01:23:16Z,spot,SOLUSDT,23.54,23.53,0.00999999999999801,2492449.8958,14922894.429034,0.08719713158830057,0.8682551220448923
2023-10-07T01:23:16Z,spot,WLDUSDT,1.652,1.651,9.9999999999989e-4,570918.3528999999,1344227.606,0.02137180496636392,0.6114112088556417
2023-10-07T01:23:16Z,spot,XRPUSDT,0.5246,0.5245,9.9999999999989e-5,2799424.1328,13471171.5613015,0.08133729623746447,0.8073189793044033
2023-10-07T01:22:50Z,spot,BNBUSDT,213.4,213.3,0.09999999999999432,2269315.38,17720091.8600878,0.03446003292331871,0.8564302299535907
2023-10-07T01:22:50Z,spot,BTCUSDT,27899.91,27899.9,0.00999999999839929,9260422.8648716,0,1,0
2023-10-07T01:22:50Z,spot,ETHBTC,0.05894,0.05893,9.999999999996125e-6,107.452642515,437.1580200956,0.05536901281015703,0.7343316752537007
2023-10-07T01:22:50Z,spot,ETHUSDT,1644.21,1644.2,0.0099999999999909,10964617.244252,15621044.918801,0.5954406768801208,0.6212089743410059
2023-10-07T01:22:50Z,spot,ADAUSDT,0.2644,0.2643,1.000000000000445e-4,824971.5414,7010077.295523,0.07253272294814854,0.886876878942236
2023-10-07T01:22:50Z,spot,ATOMUSDT,6.918,6.917,0.00100000000000033,282204.87768,1392574.340313,0.07697729633911221,0.7675045121962295
2023-10-07T01:22:50Z,spot,AVAXUSDT,10.79,10.78,0.00999999999999978,1045366.4255,2950027.797797,0.06292180689367559,0.8287506595490238
2023-10-07T01:22:50Z,spot,BNBBTC,0.007648,0.007647,1.0000000000001327e-6,15.353746156,132.465500521,0.05792815554917293,0.8809587959341607
2023-10-07T01:22:50Z,spot,DOGEUSDT,0.06151,0.0615,1.0000000000003062e-5,1248701.51257,5565952.1294314,0.06169137109204705,0.7817041483799325
2023-10-07T01:22:50Z,spot,EDUUSDT,0.43576,0.4355,2.5999999999998247e-4,73860.14494,439601.16846,0.01026441495646861,0.7739421354269878
2023-10-07T01:22:50Z,spot,MATICUSDT,0.5712,0.5711,9.9999999999989e-5,562604.2096299999,5930920.594005,0.046131399195753,0.7496896881050349
2023-10-07T01:22:50Z,spot,SOLUSDT,23.55,23.54,0.01000000000000156,2534957.3332,14931444.803434,0.08856171128056312,0.8664609929609788
2023-10-07T01:22:50Z,spot,WLDUSDT,1.653,1.652,0.00100000000000011,562829.7077,1349497.5464,0.02107592088009279,0.6178222477484102
2023-10-07T01:22:50Z,spot,XRPUSDT,0.5246,0.5245,9.9999999999989e-5,2794629.1806,13470173.3733015,0.08120368496286469,0.8074432094138454
2023-10-07T01:22:31Z,spot,BNBUSDT,213.4,213.3,0.09999999999999432,2255431.3207,17720086.0399878,0.03425642291583297,0.8565791697689564
2023-10-07T01:22:31Z,spot,BTCUSDT,27901.86,27901.85,0.01000000000203726,9707461.2461334,0,1,0
2023-10-07T01:22:31Z,spot,ETHBTC,0.05894,0.05893,9.999999999996125e-6,106.936361045,437.1580200956,0.05511764251322795,0.7351827869982638
2023-10-07T01:22:31Z,spot,ETHUSDT,1644.43,1644.42,0.0099999999999909,11208477.260809,15622978.701149,0.6006986281690762,0.619431066875283
2023-10-07T01:22:31Z,spot,ADAUSDT,0.2644,0.2643,1.000000000000445e-4,820662.97385,7010077.295523,0.07218125405495995,0.8871490906567934
2023-10-07T01:22:31Z,spot,ATOMUSDT,6.918,6.917,0.00100000000000033,282440.88693,1392568.339413,0.07703644797163635,0.7668342647128833
2023-10-07T01:22:31Z,spot,AVAXUSDT,10.78,10.77,0.00999999999999978,897774.7193,2939226.896297,0.05421185054329704,0.8177274094642041
2023-10-07T01:22:31Z,spot,BNBBTC,0.007648,0.007647,1.0000000000001327e-6,15.364924028,132.465500521,0.05796788386784494,0.8814995201778872
2023-10-07T01:22:31Z,spot,DOGEUSDT,0.06151,0.0615,1.0000000000003062e-5,1237829.54224,5565952.1294314,0.06114995429958032,0.7848678385770066
2023-10-07T01:22:31Z,spot,EDUUSDT,0.43556,0.43544,1.20000000000009e-4,72228.80347,439599.62315,0.01003998192979372,0.7805879284922989
2023-10-07T01:22:31Z,spot,MATICUSDT,0.5712,0.5711,9.9999999999989e-5,551128.79683,5930904.542465,0.04523256329103759,0.7507031712712375
2023-10-07T01:22:31Z,spot,SOLUSDT,23.55,23.54,0.01000000000000156,2495273.7141,14931118.608434,0.08729634455999562,0.8625639540998311
2023-10-07T01:22:31Z,spot,WLDUSDT,1.657,1.656,0.00100000000000011,601046.0741,1362148.3723,0.02248038089386137,0.6063338322527733
2023-10-07T01:22:31Z,spot,XRPUSDT,0.5246,0.5245,9.9999999999989e-5,2785629.0944,13470173.3754015,0.08096334219869358,0.8075747895041183
2023-10-07T01:22:08Z,spot,BNBUSDT,213.5,213.4,0.09999999999999432,2327616.5888,17725983.5470878,0.03535263477042513,0.8564336627900161
2023-10-07T01:22:08Z,spot,BTCUSDT,27904.53,27904.52,0.00999999999839929,8629441.2048209,0,1,0
2023-10-07T01:22:08Z,spot,ETHBTC,0.05894,0.05893,9.999999999996125e-6,106.448573285,437.1580203116,0.05488002250712436,0.7347832449791718
2023-10-07T01:22:08Z,spot,ETHUSDT,1644.59,1644.58,0.0099999999999909,10768741.181433,15620482.063349,0.5896128698852322,0.6168825884577005
2023-10-07T01:22:08Z,spot,ADAUSDT,0.2645,0.2644,9.9999999999989e-5,821693.59894,7013573.076723,0.07233088742410422,0.8883472578444532
2023-10-07T01:22:08Z,spot,ATOMUSDT,6.92,6.919,0.00100000000000033,279824.87498,1398569.636303,0.07637778907705871,0.7659344673878739
2023-10-07T01:22:08Z,spot,AVAXUSDT,10.77,10.76,0.00999999999999978,919779.1908,2930952.805297,0.05544554892393556,0.8187252601595627
2023-10-07T01:22:08Z,spot,BNBBTC,0.007648,0.007647,1.0000000000001327e-6,15.420320994,132.465500521,0.05816473143973354,0.8803926952735155
2023-10-07T01:22:08Z,spot,DOGEUSDT,0.06152,0.06151,9.999999999996125e-6,1237985.38888,5565952.1294314,0.0611572912978037,0.7854808297116517
2023-10-07T01:22:08Z,spot,EDUUSDT,0.43577,0.43562,1.4999999999998348e-4,72459.22927,439599.35988,0.01007314215660728,0.7715571357109268
2023-10-07T01:22:08Z,spot,MATICUSDT,0.5715,0.5714,9.9999999999989e-5,541127.68219,5928638.589065,0.04444912692027732,0.7431024146580718
2023-10-07T01:22:08Z,spot,SOLUSDT,23.56,23.55,0.00999999999999801,2536505.5847,14942932.289734,0.08864047926208997,0.8655398101770805
2023-10-07T01:22:08Z,spot,WLDUSDT,1.656,1.655,9.9999999999989e-4,581820.2771,1353597.8591,0.02177230183119455,0.6031472499818723
2023-10-07T01:22:08Z,spot,XRPUSDT,0.5247,0.5246,1.000000000001e-4,2767971.6582,13473491.6932015,0.08049611869456398,0.8074941772440902
2023-10-07T01:21:50Z,spot,BNBUSDT,213.5,213.4,0.09999999999999432,2323746.1378,17726135.2719878,0.03529377377373614,0.8583701900012115
2023-10-07T01:21:50Z,spot,BTCUSDT,27910.97,27910.96,0.01000000000203726,8596016.4017847,0,1,0
2023-10-07T01:21:50Z,spot,ETHBTC,0.05893,0.05892,1.0000000000003062e-5,102.240311571,437.1010356958,0.05278620465885959,0.7356426808188853
2023-10-07T01:21:50Z,spot,ETHUSDT,1644.83,1644.82,0.0099999999999909,10579133.873091,15622020.148799,0.5853844674157684,0.6186251243413182
2023-10-07T01:21:50Z,spot,ADAUSDT,0.2646,0.2645,9.9999999999989e-5,806867.3554400001,7013728.705263,0.07112938639616381,0.8886421161781274
2023-10-07T01:21:50Z,spot,ATOMUSDT,6.921,6.92,0.00100000000000033,274049.66292,1398865.430493,0.07492001525171423,0.7781103179113331
2023-10-07T01:21:50Z,spot,AVAXUSDT,10.78,10.77,0.00999999999999978,951390.5998,2939239.735397,0.057263328523369,0.8275855671294323
2023-10-07T01:21:50Z,spot,BNBBTC,0.007646,0.007645,1.0000000000001327e-6,14.894387926,132.433719711,0.05620130016487516,0.880172268396887
2023-10-07T01:21:50Z,spot,DOGEUSDT,0.06152,0.06151,9.999999999996125e-6,1240247.72717,5565998.8494314,0.06126220556999707,0.7906118918738052
2023-10-07T01:21:50Z,spot,EDUUSDT,0.43608,0.43581,2.70000000000048e-4,70465.76189000001,427738.07215,0.00980343679714308,0.7569078007699764
2023-10-07T01:21:50Z,spot,MATICUSDT,0.5714,0.5713,9.9999999999989e-5,539299.0078199999,5931439.249135,0.04430537366668932,0.7473432734785305
2023-10-07T01:21:50Z,spot,SOLUSDT,23.56,23.55,0.00999999999999801,2522821.9159,14942774.090534,0.0882048024851659,0.8641929659564971
2023-10-07T01:21:50Z,spot,WLDUSDT,1.656,1.655,9.9999999999989e-4,579661.0486,1353581.3842,0.02169325414802308,0.6169617403412397
2023-10-07T01:21:50Z,spot,XRPUSDT,0.5247,0.5246,1.000000000001e-4,2763706.7131,13473478.3791015,0.0803839061786118,0.8095963686773203
2023-10-07T01:21:33Z,spot,BNBUSDT,213.5,213.4,0.09999999999999432,2276935.3401,17726275.8505878,0.03460741794008278,0.8536210224681877
2023-10-07T01:21:33Z,spot,BTCUSDT,27929.73,27929.72,0.00999999999839929,8383514.5310245,0,1,0
2023-10-07T01:21:33Z,spot,ETHBTC,0.05893,0.05892,1.0000000000003062e-5,101.261096641,437.1010356958,0.05230708506355659,0.7341006118515455
2023-10-07T01:21:33Z,spot,ETHUSDT,1645.73,1645.72,0.0099999999999909,10794946.032127,16089311.007068,0.5913684854559506,0.6351074263260958
2023-10-07T01:21:33Z,spot,ADAUSDT,0.2647,0.2646,9.9999999999989e-5,811782.81931,7014943.255403,0.07153223425459852,0.8877328412521487
2023-10-07T01:21:33Z,spot,ATOMUSDT,6.923,6.922,0.00100000000000033,275044.66028999997,1398890.549383,0.07516651039011381,0.7682457056807354
2023-10-07T01:21:33Z,spot,AVAXUSDT,10.79,10.78,0.00999999999999978,1015777.7211,2943690.348797,0.06124915948715564,0.8296390399851387
2023-10-07T01:21:33Z,spot,BNBBTC,0.007643,0.007642,9.999999999992654e-7,15.695734508,132.262501221,0.05904976437252324,0.8795356453865725
2023-10-07T01:21:33Z,spot,DOGEUSDT,0.06155,0.06154,1.0000000000003062e-5,1203047.12266,5567626.6823114,0.05954201601913311,0.7807353072936601
2023-10-07T01:21:33Z,spot,EDUUSDT,0.43646,0.43626,2.0000000000003348e-4,71933.38190000001,428359.36635,0.01000657275003766,0.7585522598708252
2023-10-07T01:21:33Z,spot,MATICUSDT,0.5718,0.5717,9.9999999999989e-5,526621.86664,5953966.754165,0.04330627971785498,0.7431235938505455
2023-10-07T01:21:33Z,spot,SOLUSDT,23.59,23.58,0.01000000000000156,2473317.9864000003,14973989.121834,0.08663550633805948,0.8602270617185993
2023-10-07T01:21:33Z,spot,WLDUSDT,1.657,1.656,0.00100000000000011,595804.6336,1353616.3495,0.02228921307555648,0.6008836988786449
2023-10-07T01:21:33Z,spot,XRPUSDT,0.5249,0.5248,9.9999999999989e-5,2622350.6729,13484262.2335015,0.07659522184254265,0.8017235169959768
2023-10-07T01:19:47Z,spot,BNBUSDT,213.5,213.4,0.09999999999999432,2241190.4912,17755274.1842878,0.03408260809076645,0.8546294737439327
2023-10-07T01:19:47Z,spot,BTCUSDT,27928.91,27928.9,0.00999999999839929,8132176.6971438,0,1,0
2023-10-07T01:19:47Z,spot,ETHBTC,0.05893,0.05892,1.0000000000003062e-5,106.139628488,437.1170311868,0.05468930365866224,0.7337939041270316
2023-10-07T01:19:47Z,spot,ETHUSDT,1645.76,1645.75,0.0099999999999909,10245903.782331,16087808.587922,0.578797083524354,0.635113381074306
2023-10-07T01:19:47Z,spot,ADAUSDT,0.2648,0.2647,9.9999999999989e-5,865384.19403,7015708.415973,0.07633234853131082,0.8834342233494541
2023-10-07T01:19:47Z,spot,ATOMUSDT,6.926,6.925,0.00100000000000033,274335.86734,1399015.916073,0.07499608488179563,0.7663644649158226
2023-10-07T01:19:47Z,spot,AVAXUSDT,10.8,10.79,0.01000000000000156,1039428.4644,2943713.0114970002,0.06259276539044306,0.81976878949748
2023-10-07T01:19:47Z,spot,BNBBTC,0.007644,0.007643,1.0000000000001327e-6,15.507388235,132.422994937,0.05838192384937377,0.8805913087120028
2023-10-07T01:19:47Z,spot,DOGEUSDT,0.06155,0.06154,1.0000000000003062e-5,1160676.03978,5590855.8130314,0.05756501058645017,0.779907502824744
2023-10-07T01:19:47Z,spot,EDUUSDT,0.43652,0.43647,4.999999999999449e-5,69603.06449,428497.06321,0.00968554462927386,0.7528976078570262
2023-10-07T01:19:47Z,spot,MATICUSDT,0.5719,0.5718,9.9999999999989e-5,519693.10756,5957294.427615,0.04276128497143581,0.7407313341378853
2023-10-07T01:19:47Z,spot,SOLUSDT,23.57,23.56,0.01000000000000156,2549317.8923,14934099.448034,0.08906905061254282,0.8636283259842221
2023-10-07T01:19:47Z,spot,WLDUSDT,1.659,1.658,0.00100000000000011,590179.49,1357593.9621,0.02209021042507931,0.6018905585432265
2023-10-07T01:19:47Z,spot,XRPUSDT,0.5248,0.5247,9.9999999999989e-5,2616293.5634,13475968.3965015,0.07638477536679943,0.7994112899463306
2023-10-07T01:19:30Z,spot,BNBUSDT,213.5,213.4,0.09999999999999432,2236650.4504,17755300.7640878,0.03401589011278021,0.8547820272735986
2023-10-07T01:19:30Z,spot,BTCUSDT,27928.91,27928.9,0.00999999999839929,7961297.4990513,0,1,0
2023-10-07T01:19:30Z,spot,ETHBTC,0.05893,0.05892,1.0000000000003062e-5,100.900769625,437.1170311868,0.05213065882632235,0.7346474178117217
2023-10-07T01:19:30Z,spot,ETHUSDT,1645.76,1645.75,0.0099999999999909,10140782.341182,16087662.557153,0.5762806959236573,0.6316390969085128
2023-10-07T01:19:30Z,spot,ADAUSDT,0.2648,0.2647,9.9999999999989e-5,865134.78802,7015713.915973,0.07631202814926887,0.8832489469481003
2023-10-07T01:19:30Z,spot,ATOMUSDT,6.926,6.925,0.00100000000000033,273817.55821,1398766.239653,0.07486520179240783,0.7639952737581817
2023-10-07T01:19:30Z,spot,AVAXUSDT,10.8,10.79,0.01000000000000156,1025420.2102,2943706.981997,0.0618013429602009,0.8199348412854223
2023-10-07T01:19:30Z,spot,BNBBTC,0.007644,0.007643,1.0000000000001327e-6,15.488869263,132.422994937,0.05831626977475611,0.8805913087120028
2023-10-07T01:19:30Z,spot,DOGEUSDT,0.06155,0.06154,1.0000000000003062e-5,1171670.51006,5590855.8130314,0.05811403651862047,0.7793627023032191
2023-10-07T01:19:30Z,spot,EDUUSDT,0.43656,0.4364,1.5999999999999348e-4,70914.86382,428497.06321,0.00986628573662818,0.751924768784536
2023-10-07T01:19:30Z,spot,MATICUSDT,0.5719,0.5718,9.9999999999989e-5,518372.95004,5957294.685715,0.04265793592940084,0.741433004735397
2023-10-07T01:19:30Z,spot,SOLUSDT,23.57,23.56,0.01000000000000156,2556382.2489,14933746.408034,0.08929387851518635,0.8638949285349361
2023-10-07T01:19:30Z,spot,WLDUSDT,1.659,1.658,0.00100000000000011,597439.5064,1357702.3995,0.02235584266154199,0.6023330187066693
2023-10-07T01:19:30Z,spot,XRPUSDT,0.5248,0.5247,9.9999999999989e-5,2605784.0691,13475968.3965015,0.07610129269881101,0.7995813545460658
2023-10-07T01:19:15Z,spot,BNBUSDT,213.5,213.4,0.09999999999999432,2212368.6201,17755300.7640878,0.03365903203273827,0.8550779145178479
2023-10-07T01:19:15Z,spot,BTCUSDT,27928.91,27928.9,0.00999999999839929,8346899.899544,0,1,0
2023-10-07T01:19:15Z,spot,ETHBTC,0.05893,0.05892,1.0000000000003062e-5,106.459488201,437.1170312228,0.05484507493395245,0.7341342786157529
2023-10-07T01:19:15Z,spot,ETHUSDT,1645.76,1645.75,0.0099999999999909,7705680.131149,16087652.750282,0.5082206825063105,0.6344346685758461
2023-10-07T01:19:15Z,spot,ADAUSDT,0.2647,0.2646,9.9999999999989e-5,800103.04683,7015148.697553,0.07057496602825812,0.883802944522752
2023-10-07T01:19:15Z,spot,ATOMUSDT,6.925,6.924,9.999999999994458e-4,274755.57365,1398710.139323,0.07510626833685424,0.7651055538417755
2023-10-07T01:19:15Z,spot,AVAXUSDT,10.8,10.79,0.01000000000000156,1023004.0431,2943614.623997,0.0616647019513117,0.8192615444207233
2023-10-07T01:19:15Z,spot,BNBBTC,0.007644,0.007643,1.0000000000001327e-6,15.332483095,132.422994937,0.05776147901941569,0.8813773328227739
2023-10-07T01:19:15Z,spot,DOGEUSDT,0.06155,0.06154,1.0000000000003062e-5,1171291.31675,5590855.8130314,0.05809632145557223,0.7792298976389694
2023-10-07T01:19:15Z,spot,EDUUSDT,0.43659,0.43638,2.0999999999998795e-4,69905.22377,428497.06321,0.00972718230518585,0.7494235506735301
2023-10-07T01:19:15Z,spot,MATICUSDT,0.572,0.5719,9.9999999999989e-5,505236.72509,5960663.1449649995,0.04162168349396075,0.7382378732023408
2023-10-07T01:19:15Z,spot,SOLUSDT,23.58,23.57,0.00999999999999801,2517207.2473,14937821.837734,0.088045571501422,0.8604444230675269
2023-10-07T01:19:15Z,spot,WLDUSDT,1.659,1.658,0.00100000000000011,606766.2385,1360672.3272,0.02269692236419394,0.6052648642705277
2023-10-07T01:19:15Z,spot,XRPUSDT,0.5248,0.5247,9.9999999999989e-5,2599965.8962,13476866.8988015,0.07594427869329723,0.7997800648782607
2023-10-07T01:18:58Z,spot,BNBUSDT,213.5,213.4,0.09999999999999432,2307381.9847999997,17755300.7640878,0.03505389610243904,0.8551419020916408
2023-10-07T01:18:58Z,spot,BTCUSDT,27930,27929.99,0.00999999999839929,7437225.0974828,0,1,0
2023-10-07T01:18:58Z,spot,ETHBTC,0.05893,0.05892,1.0000000000003062e-5,101.629246127,437.1010367028,0.05248727360260437,0.733045806783742
2023-10-07T01:18:58Z,spot,ETHUSDT,1645.65,1645.64,0.0099999999999909,7207827.259158,16094578.590778,0.4914198994624327,0.6294746257354571
2023-10-07T01:18:58Z,spot,ADAUSDT,0.2647,0.2646,9.9999999999989e-5,808013.8354,7015142.703183,0.07122282457476312,0.8845309475875947
2023-10-07T01:18:58Z,spot,ATOMUSDT,6.927,6.926,9.999999999994458e-4,261850.4728,1398748.265123,0.07183391023812209,0.764087506098025
2023-10-07T01:18:58Z,spot,AVAXUSDT,10.8,10.79,0.01000000000000156,1004428.334,2953460.740797,0.06061286288459263,0.8185881876310512
2023-10-07T01:18:58Z,spot,BNBBTC,0.007644,0.007643,1.0000000000001327e-6,16.833054248,132.422994937,0.06305805353302024,0.8794552553949034
2023-10-07T01:18:58Z,spot,DOGEUSDT,0.06155,0.06154,1.0000000000003062e-5,1167161.89332,5590855.8130314,0.05790343736173237,0.7782367321746592
2023-10-07T01:18:58Z,spot,EDUUSDT,0.43661,0.43647,1.3999999999997348e-4,75881.98203,428497.06321,0.01055006312703897,0.7482806433939916
2023-10-07T01:18:58Z,spot,MATICUSDT,0.572,0.5719,9.9999999999989e-5,510447.27941,5960669.083135,0.0420324270031582,0.7388367783370506
2023-10-07T01:18:58Z,spot,SOLUSDT,23.58,23.57,0.00999999999999801,2478435.2978,14938664.193734,0.08680719807397293,0.8622910555430786
2023-10-07T01:18:58Z,spot,WLDUSDT,1.659,1.658,0.00100000000000011,594223.0727,1364902.4993,0.02223816208336443,0.6062056714863097
2023-10-07T01:18:58Z,spot,XRPUSDT,0.5248,0.5247,9.9999999999989e-5,2607546.6278,13476902.0683015,0.07614884802924105,0.7996595044751406
2023-10-07T01:12:15Z,spot,BNBUSDT,213.6,213.5,0.09999999999999432,0,621.599895,0,3.001986730643753e-5
2023-10-07T01:12:15Z,spot,BTCUSDT,27935.63,27935.62,0.01000000000203726,0,0,0,0
2023-10-07T01:12:15Z,spot,ETHBTC,0.0589,0.05889,1.0000000000003062e-5,1940.5773014805,594.7757519876,1,1
2023-10-07T01:12:15Z,spot,ETHUSDT,1645.52,1645.51,0.0099999999999909,0,0,0,0
2023-10-07T01:12:15Z,spot,ADAUSDT,0.2647,0.2646,9.9999999999989e-5,11374407.11269,7923254.682543,1,1
2023-10-07T01:12:15Z,spot,ATOMUSDT,6.923,6.922,0.00100000000000033,0,5399.543000000001,0,0.00297475456617437
2023-10-07T01:12:15Z,spot,AVAXUSDT,10.79,10.78,0.00999999999999978,0,0,0,0
2023-10-07T01:12:15Z,spot,BNBBTC,0.007643,0.007642,9.999999999992654e-7,265.838950338,150.353449612,1,1
2023-10-07T01:12:15Z,spot,DOGEUSDT,0.06154,0.06153,9.999999999996125e-6,20179959.2398,7113694.7267614,1,1
2023-10-07T01:12:15Z,spot,EDUUSDT,0.43609,0.436,8.999999999997899e-5,3940802.44389,571048.08848,0.548800389632509,1
2023-10-07T01:12:15Z,spot,MATICUSDT,0.5705,0.5704,9.9999999999989e-5,12180008.72547,6965970.808845,1,1
2023-10-07T01:12:15Z,spot,SOLUSDT,23.57,23.56,0.01000000000000156,0,10.53,0,6.097194014670335e-7
2023-10-07T01:12:15Z,spot,WLDUSDT,1.664,1.663,9.9999999999989e-4,472788.7158,1372123.763,0.01768371571075139,0.6228562307870908
2023-10-07T01:12:15Z,spot,XRPUSDT,0.5249,0.5248,9.9999999999989e-5,34356971.9496,16835303.4213015,1,1
2023-10-07T01:11:20Z,spot,BNBUSDT,213.6,213.5,0.09999999999999432,0,621.599895,0,2.98288356927973e-5
2023-10-07T01:11:20Z,spot,BTCUSDT,27945,27944.99,0.00999999999839929,0,0,0,0
2023-10-07T01:11:20Z,spot,ETHBTC,0.0589,0.05889,1.0000000000003062e-5,1936.7742347735,595.2173024336,1,1
2023-10-07T01:11:20Z,spot,ETHUSDT,1645.69,1645.68,0.0099999999999909,0,0,0,0
2023-10-07T01:11:20Z,spot,ADAUSDT,0.2648,0.2647,9.9999999999989e-5,11357542.39251,7932746.194563,1,1
2023-10-07T01:11:20Z,spot,ATOMUSDT,6.924,6.923,0.00100000000000033,0,5399.543000000001,0,0.00294966318839027
2023-10-07T01:11:20Z,spot,AVAXUSDT,10.8,10.79,0.01000000000000156,0,0,0,0
2023-10-07T01:11:20Z,spot,BNBBTC,0.007643,0.007642,9.999999999992654e-7,267.151627605,150.302093496,1,1
2023-10-07T01:11:20Z,spot,DOGEUSDT,0.06153,0.06152,1.0000000000003062e-5,20172273.26165,7150586.4899814,1,1
2023-10-07T01:11:20Z,spot,EDUUSDT,0.4364,0.43614000000000003,2.5999999999998247e-4,3952207.44807,571068.45737,0.5495158814655263,1
2023-10-07T01:11:20Z,spot,MATICUSDT,0.5712,0.5711,9.9999999999989e-5,12139113.29472,7010143.079175,1,1
2023-10-07T01:11:20Z,spot,SOLUSDT,23.59,23.58,0.01000000000000156,0,10.53,0,6.071365196625044e-7
2023-10-07T01:11:20Z,spot,WLDUSDT,1.666,1.665,9.9999999999989e-4,459936.8823,1372076.428,0.01721117618317013,0.6059485699270936
2023-10-07T01:11:20Z,spot,XRPUSDT,0.525,0.5249,9.9999999999989e-5,34317351.2933,16936141.2729015,1,1
2023-10-07T01:10:22Z,spot,BNBUSDT,213.5,213.4,0.09999999999999432,0,621.599895,0,2.994659831660207e-5
2023-10-07T01:10:22Z,spot,BTCUSDT,27931.21,27931.2,0.00999999999839929,0,0,0,0
2023-10-07T01:10:22Z,spot,ETHBTC,0.05889,0.05888,9.999999999996125e-6,1941.5332017295,595.3079079967,1,1
2023-10-07T01:10:22Z,spot,ETHUSDT,1645,1644.99,0.0099999999999909,0,0,0,0
2023-10-07T01:10:22Z,spot,ADAUSDT,0.2647,0.2646,9.9999999999989e-5,11306719.80755,7933473.091943,1,1
2023-10-07T01:10:22Z,spot,ATOMUSDT,6.923,6.922,0.00100000000000033,0,5399.543000000001,0,0.00296227724069678
2023-10-07T01:10:22Z,spot,AVAXUSDT,10.78,10.77,0.00999999999999978,0,0,0,0
2023-10-07T01:10:22Z,spot,BNBBTC,0.007643,0.007642,9.999999999992654e-7,265.891492113,150.28734874,1,1
2023-10-07T01:10:22Z,spot,DOGEUSDT,0.06151,0.0615,1.0000000000003062e-5,20206442.68814,7158897.5964514,1,1
2023-10-07T01:10:22Z,spot,EDUUSDT,0.43599,0.43589,9.9999999999989e-5,3945290.58261,573468.59271,0.5490822236267092,1
2023-10-07T01:10:22Z,spot,MATICUSDT,0.5711,0.571,1.000000000001e-4,12122304.28928,6987445.558855,1,1
2023-10-07T01:10:22Z,spot,SOLUSDT,23.58,23.57,0.00999999999999801,0,10.53,0,6.085411844851508e-7
2023-10-07T01:10:22Z,spot,WLDUSDT,1.666,1.665,9.9999999999989e-4,456956.1203,1372076.462,0.0170975179555968,0.6073718248773959
2023-10-07T01:10:22Z,spot,XRPUSDT,0.5248,0.5247,9.9999999999989e-5,34369223.9527,16818278.1962015,1,1
2023-10-07T01:07:09Z,spot,BNBUSDT,213.6,213.5,0.09999999999999432,0,621.599895,0,2.996770882346703e-5
2023-10-07T01:07:09Z,spot,BTCUSDT,27935.19,27935.18,0.00999999999839929,0,0,0,0
2023-10-07T01:07:09Z,spot,ETHBTC,0.0589,0.05889,1.0000000000003062e-5,1937.8616103215,593.4404365176,1,1
2023-10-07T01:07:09Z,spot,ETHUSDT,1645.43,1645.42,0.0099999999999909,0,0,0,0
2023-10-07T01:07:09Z,spot,ADAUSDT,0.2648,0.2647,9.9999999999989e-5,11389803.74444,7894465.341223,1,1
2023-10-07T01:07:09Z,spot,ATOMUSDT,6.924,6.923,0.00100000000000033,0,5399.543000000001,0,0.00296739414241365
2023-10-07T01:07:09Z,spot,AVAXUSDT,10.77,10.76,0.00999999999999978,0,0,0,0
2023-10-07T01:07:09Z,spot,BNBBTC,0.007645,0.007644,1.0000000000001327e-6,265.709163966,150.180607978,1,1
2023-10-07T01:07:09Z,spot,DOGEUSDT,0.06154,0.06153,9.999999999996125e-6,20236666.828,7119884.7216014,1,1
2023-10-07T01:07:09Z,spot,EDUUSDT,0.43628,0.43622,6.0000000000004494e-5,3952973.47452,572934.96754,0.5495638567449621,1
2023-10-07T01:07:09Z,spot,MATICUSDT,0.5716,0.5715,9.9999999999989e-5,12171351.36337,6940813.658765,1,1
2023-10-07T01:07:09Z,spot,SOLUSDT,23.56,23.55,0.00999999999999801,0,10.53,0,6.092964439724431e-7
2023-10-07T01:07:09Z,spot,WLDUSDT,1.664,1.663,9.9999999999989e-4,550971.7995,1371311.6871,0.0206247335143713,0.6078137315935882
2023-10-07T01:07:09Z,spot,XRPUSDT,0.5248,0.5247,9.9999999999989e-5,34379676.5196,16712022.5261015,1,1
2023-10-07T01:05:47Z,spot,BNBUSDT,213.7,213.6,0.09999999999999432,0,621.599895,0,2.9862228923887764e-5
2023-10-07T01:05:47Z,spot,BTCUSDT,27953.27,27953.26,0.01000000000203726,0,0,0,0
2023-10-07T01:05:47Z,spot,ETHBTC,0.05891,0.0589,9.999999999996125e-6,1942.5886519275,592.6061760569,1,1
2023-10-07T01:05:47Z,spot,ETHUSDT,1646.49,1646.48,0.0099999999999909,0,0,0,0
2023-10-07T01:05:47Z,spot,ADAUSDT,0.2651,0.265,9.9999999999989e-5,11333845.56873,7939161.478483,1,1
2023-10-07T01:05:47Z,spot,ATOMUSDT,6.933,6.932,9.999999999994458e-4,0,5399.543000000001,0,0.00295900500149214
2023-10-07T01:05:47Z,spot,AVAXUSDT,10.78,10.77,0.00999999999999978,0,0,0,0
2023-10-07T01:05:47Z,spot,BNBBTC,0.007645,0.007644,1.0000000000001327e-6,265.599535638,150.592225287,1,1
2023-10-07T01:05:47Z,spot,DOGEUSDT,0.06158,0.06157,1.0000000000003062e-5,20154387.22623,7198568.2516214,1,1
2023-10-07T01:05:47Z,spot,EDUUSDT,0.43684,0.43662,2.1999999999999795e-4,3934310.35961,554555.22205,0.5483920933429344,1
2023-10-07T01:05:47Z,spot,MATICUSDT,0.5733,0.5732,9.9999999999989e-5,12149288.29901,7014826.571295,1,1
2023-10-07T01:05:47Z,spot,SOLUSDT,23.61,23.6,0.00999999999999801,0,10.53,0,6.040782160140598e-7
2023-10-07T01:05:47Z,spot,WLDUSDT,1.668,1.667,9.9999999999989e-4,434777.5661,1374026.3491,0.01626861896950178,0.618690796524546
2023-10-07T01:05:47Z,spot,XRPUSDT,0.5249,0.5248,9.9999999999989e-5,34301440.3237,16841155.3441015,1,1
