date,date_close,pair,market,open,high,low,close,volume,volume_quote,trades,taker_buy,taker_buy_quote
2020-10-19T00:00:00Z,2020-10-25T23:59:59Z,INJUSDT,spot,0.4,1.49,0.18,0.9033,76091530.31,68100873.217466,254689,36720471.67,33092859.388622
2020-10-26T00:00:00Z,2020-11-01T23:59:59Z,INJUSDT,spot,0.9032,0.9214,0.659,0.751,21663233.16,16822682.831292,68530,10595749.54,8256314.534425
2020-11-02T00:00:00Z,2020-11-08T23:59:59Z,INJUSDT,spot,0.751,0.9081,0.6501,0.835,12748794.41,9722099.624041,35036,6156792.71,4710134.0143100005
2020-11-09T00:00:00Z,2020-11-15T23:59:59Z,INJUSDT,spot,0.8363,1.452,0.8321,1.2875,22890135.88,24694689.479629,87056,11362412.08,12300317.902267
2020-11-16T00:00:00Z,2020-11-22T23:59:59Z,INJUSDT,spot,1.2832,1.6988,1.21,1.3107,19115502.44,27090126.77078,130305,9567028.86,13615158.501577
2020-11-23T00:00:00Z,2020-11-29T23:59:59Z,INJUSDT,spot,1.3114,1.5084,0.95,1.1341,10267774.79,12553203.194668,60409,4988687.39,6120926.632702
2020-11-30T00:00:00Z,2020-12-06T23:59:59Z,INJUSDT,spot,1.133,1.8888,1.0701,1.5902,17401873.79,26182247.850176,126386,8960951.74,13494232.506293
2020-12-07T00:00:00Z,2020-12-13T23:59:59Z,INJUSDT,spot,1.5902,2.39,1.5232,2.2697,19392950.09,38323029.222991,191253,9592045.07,18963088.738606
2020-12-14T00:00:00Z,2020-12-20T23:59:59Z,INJUSDT,spot,2.271,3.9368,2.1711,2.9954,30785878.88,96182779.367316,410066,15387463.66,48240151.382284
2020-12-21T00:00:00Z,2020-12-27T23:59:59Z,INJUSDT,spot,2.9821,5.35,2.6939,4.8049,30051875.56,127904439.236027,536298,15207426.15,64871752.138565
2020-12-28T00:00:00Z,2021-01-03T23:59:59Z,INJUSDT,spot,4.802,5.0914,3.5289,4.4294,9719211.37,41704299.162329,214568,4729780.31,20370334.104334
2021-01-04T00:00:00Z,2021-01-10T23:59:59Z,INJUSDT,spot,4.4294,4.97,3.8552,4.4075,7463504.14,34139497.955402,187455,3760139.39,17244769.492978
2021-01-11T00:00:00Z,2021-01-17T23:59:59Z,INJUSDT,spot,4.4107,6.95,3.75,6.1786,10064891.88,56132236.798135,216393,5105716.94,28612940.72746
2021-01-18T00:00:00Z,2021-01-24T23:59:59Z,INJUSDT,spot,6.1789,11.2,6.1414,8.792,12611091.21,107330110.271299,357273,6419655.71,54762072.667241
2021-01-25T00:00:00Z,2021-01-31T23:59:59Z,INJUSDT,spot,8.793,9.99,7.1802,9.5066,8451766.78,71892078.585534,270769,4176881.57,35668176.632836
2021-02-01T00:00:00Z,2021-02-07T23:59:59Z,INJUSDT,spot,9.5001,13.95,8.8,11.4951,8017056.89,90763577.095669,338119,4097108.57,46362771.518196
2021-02-08T00:00:00Z,2021-02-14T23:59:59Z,INJUSDT,spot,11.5186,17.35,11.0449,14.8971,8268377.69,122691197.816208,341251,4180945.08,62067783.675434
2021-02-15T00:00:00Z,2021-02-21T23:59:59Z,INJUSDT,spot,14.8971,18.15,12.27,14.3568,5970582.37,88808817.238809,277251,3053508.44,45470388.611182
2021-02-22T00:00:00Z,2021-02-28T23:59:59Z,INJUSDT,spot,14.3532,16.85,10.9,12.198,7119597.33,96431522.0668,269707,3513001,47703385.767002
2021-03-01T00:00:00Z,2021-03-07T23:59:59Z,INJUSDT,spot,12.22,14.1684,11.3001,12.1575,3060290.83,39225409.346791,142208,1636682.48,21022624.491047
2021-03-08T00:00:00Z,2021-03-14T23:59:59Z,INJUSDT,spot,12.1605,13.7077,11.2,11.63,3513626.74,42972786.860116,160467,1738053.08,21321470.918467
2021-03-15T00:00:00Z,2021-03-21T23:59:59Z,INJUSDT,spot,11.6299,14.2,10.7809,12.2943,4936589.63,60068021.708548,187123,2512942.06,30611945.429191
2021-03-22T00:00:00Z,2021-03-28T23:59:59Z,INJUSDT,spot,12.2983,14.2909,9.8666,12.3399,4029388.88,48961069.902257,155388,2037812.49,24864794.891586
2021-03-29T00:00:00Z,2021-04-04T23:59:59Z,INJUSDT,spot,12.372,15.15,12.0501,13.4806,3815127.37,51587449.180376,181058,1944100.03,26347713.410108
2021-04-05T00:00:00Z,2021-04-11T23:59:59Z,INJUSDT,spot,13.4924,15.7154,12.6666,13.5528,5019567.76,71060186.882575,221953,2680191.61,38078257.388762
2021-04-12T00:00:00Z,2021-04-18T23:59:59Z,INJUSDT,spot,13.5599,15.19,11.5392,12.13,4311462.05,58653469.910401,207912,2092226.55,28470424.415637
2021-04-19T00:00:00Z,2021-04-25T23:59:59Z,INJUSDT,spot,12.1481,21.5582,10.9111,16.016,18590515.438,309569474.354854,854460,9606061.611,160373392.352572
2021-04-26T00:00:00Z,2021-05-02T23:59:59Z,INJUSDT,spot,15.971,25.067,15.765,19.832,13261845.851,269699907.654072,745794,6579045.054,134339288.365216
2021-05-03T00:00:00Z,2021-05-09T23:59:59Z,INJUSDT,spot,19.831,21.45,16.714,19.152,4782444.668,89360044.490069,265349,2325790.038,43536212.236524
2021-05-10T00:00:00Z,2021-05-16T23:59:59Z,INJUSDT,spot,19.153,25.306,15.095,15.833,12118463.156,232141437.990051,609619,6007887.286,115555259.600379
2021-05-17T00:00:00Z,2021-05-23T23:59:59Z,INJUSDT,spot,15.822,18.831,5.8,7.712,11170738.76,139729928.655043,416798,5456989.596,68569134.77769
2021-05-24T00:00:00Z,2021-05-30T23:59:59Z,INJUSDT,spot,7.703,11.584,7.498,8.487,5784136.722,55398053.495541,191976,2892420.429,27752761.401207
2021-05-31T00:00:00Z,2021-06-06T23:59:59Z,INJUSDT,spot,8.471,11.379,8.1,9.276,4623164.225,45602417.50284,172766,2276132.667,22488088.153599
2021-06-07T00:00:00Z,2021-06-13T23:59:59Z,INJUSDT,spot,9.275,9.973,7.07,8.234,6193654.622,52449955.849242,193580,3023377.927,25629827.730989
2021-06-14T00:00:00Z,2021-06-20T23:59:59Z,INJUSDT,spot,8.247,9.244,6.989,7.65,4817491.132,39358210.889054,147206,2263616.826,18494951.678252
2021-06-21T00:00:00Z,2021-06-27T23:59:59Z,INJUSDT,spot,7.637,7.841,4.88,5.81,5723984.67,35112613.260807,131132,2788536.734,17120483.027006
2021-06-28T00:00:00Z,2021-07-04T23:59:59Z,INJUSDT,spot,5.817,7.458,5.672,7.102,4277693.857,28692643.239707,114675,2143394.079,14379618.081333
2021-07-05T00:00:00Z,2021-07-11T23:59:59Z,INJUSDT,spot,7.1,8.323,6.543,6.917,5132734.58,37558717.770899,131643,2526550.381,18484223.391819
2021-07-12T00:00:00Z,2021-07-18T23:59:59Z,INJUSDT,spot,6.905,8.363,6.131,6.238,6438179.906,46228673.495762,190884,3226347.301,23211633.151473
2021-07-19T00:00:00Z,2021-07-25T23:59:59Z,INJUSDT,spot,6.238,6.376,4.962,6.135,4723966.922,27077523.381241,122146,2326213.795,13348207.977882
2021-07-26T00:00:00Z,2021-08-01T23:59:59Z,INJUSDT,spot,6.143,7.329,5.779,6.556,6438464.678,41774149.194056,174222,3119966.96,20233095.545182
2021-08-02T00:00:00Z,2021-08-08T23:59:59Z,INJUSDT,spot,6.556,9.488,6.268,8.484,11718436.55,92537790.035713,278264,5757896.198,45509004.564354
2021-08-09T00:00:00Z,2021-08-15T23:59:59Z,INJUSDT,spot,8.489,9.864,7.9,9.383,6957303.28,62210440.0489,214290,3378364.362,30243765.322193
2021-08-16T00:00:00Z,2021-08-22T23:59:59Z,INJUSDT,spot,9.383,15,8.916,12.584,9722235.039,111290948.386595,409998,4803429.509,55190107.796287
2021-08-23T00:00:00Z,2021-08-29T23:59:59Z,INJUSDT,spot,12.59,13.323,10.603,11.087,4733831.165,55688355.356644,214005,2291689.945,26991708.467681
2021-08-30T00:00:00Z,2021-09-05T23:59:59Z,INJUSDT,spot,11.087,14.915,10.8,13.382,8072086.396,103333068.755917,315804,4059069.85,52059735.764329
2021-09-06T00:00:00Z,2021-09-12T23:59:59Z,INJUSDT,spot,13.382,16.644,10.727,12.213,8734760.31,112412852.657218,290569,4347340.032,55689730.595609
2021-09-13T00:00:00Z,2021-09-19T23:59:59Z,INJUSDT,spot,12.221,12.29,10.493,10.918,5163885.488,57627610.028719,166507,2480800.066,27702330.1771
2021-09-20T00:00:00Z,2021-09-26T23:59:59Z,INJUSDT,spot,10.932,11.194,7.852,10.682,8665466.566,81320823.456898,237772,4303452.12,40373682.066843
2021-09-27T00:00:00Z,2021-10-03T23:59:59Z,INJUSDT,spot,10.674,12.079,9.112,10.83,5708068.9,59110622.0015,143553,2786802.6,28861012.5979
2021-10-04T00:00:00Z,2021-10-10T23:59:59Z,INJUSDT,spot,10.819,13.071,9.597,10.929,5057133.5,57328490.802,158281,2541307.5,28859525.811
2021-10-11T00:00:00Z,2021-10-17T23:59:59Z,INJUSDT,spot,10.928,12.633,9.94,11.995,4548874.5,52540944.0109,131925,2238621.1,25873765.0368
2021-10-18T00:00:00Z,2021-10-24T23:59:59Z,INJUSDT,spot,11.988,14.4,11.637,12.011,5240176.5,68069784.8814,174713,2613535.2,34018448.2242
2021-10-25T00:00:00Z,2021-10-31T23:59:59Z,INJUSDT,spot,12.012,13.248,10.448,10.85,3680716,42159104.5229,121759,1789905.5,20552490.1298
2021-11-01T00:00:00Z,2021-11-07T23:59:59Z,INJUSDT,spot,10.85,14.471,10.496,13.234,6548278.6,79814038.1143,223830,3238069.3,39569541.7623
2021-11-08T00:00:00Z,2021-11-14T23:59:59Z,INJUSDT,spot,13.235,14.878,11.27,11.906,5842884.6,74854245.9444,192791,2897537,37195294.5915
2021-11-15T00:00:00Z,2021-11-21T23:59:59Z,INJUSDT,spot,11.921,14.55,10.43,12.377,9234292.5,112810728.7012,263173,4573144.4,55884032.8886
2021-11-22T00:00:00Z,2021-11-28T23:59:59Z,INJUSDT,spot,12.389,14.55,11.362,12.136,6781852.7,87349034.7585,232640,3608932,46576176.396
2021-11-29T00:00:00Z,2021-12-05T23:59:59Z,INJUSDT,spot,12.121,14.309,9.497,9.832,4146027.4,50248523.8494,158031,2034958,24698251.0761
2021-12-06T00:00:00Z,2021-12-12T23:59:59Z,INJUSDT,spot,9.851,12.975,8.415,9.392,9690397.5,98440486.3337,288285,4876744.2,49651865.6081
2021-12-13T00:00:00Z,2021-12-19T23:59:59Z,INJUSDT,spot,9.392,9.45,7.759,8.225,4215741.776,35442040.60736,112322,2180581.5,18321733.8322
2021-12-20T00:00:00Z,2021-12-26T23:59:59Z,INJUSDT,spot,8.211,9.5,7.447,9.3,2145096.493,17937395.325371,76511,1074025.153,8987096.09106
2021-12-27T00:00:00Z,2022-01-02T23:59:59Z,INJUSDT,spot,9.291,10.337,8.217,8.551,2273482.1,20706407.1738,82862,1158925.5,10536996.7727
2022-01-03T00:00:00Z,2022-01-09T23:59:59Z,INJUSDT,spot,8.569,8.6,6.5,6.74,2122750.632,15959391.997484,66188,1062495.972,8031599.14614
2022-01-10T00:00:00Z,2022-01-16T23:59:59Z,INJUSDT,spot,6.739,7.6,6.327,7.234,2348757.7,16535086.6041,74190,1122598.8,7911300.4502
2022-01-17T00:00:00Z,2022-01-23T23:59:59Z,INJUSDT,spot,7.222,7.23,4.15,4.408,3070967.582,16431567.079797,72112,1478783.953,7895523.947369
2022-01-24T00:00:00Z,2022-01-30T23:59:59Z,INJUSDT,spot,4.407,4.974,3.75,4.291,2993351.515,12937881.4842,57274,1474282.1,6384776.8053
2022-01-31T00:00:00Z,2022-02-06T23:59:59Z,INJUSDT,spot,4.298,4.791,3.915,4.742,2363389.2,10174889.9351,51434,1167701.9,5032790.0616
2022-02-07T00:00:00Z,2022-02-13T23:59:59Z,INJUSDT,spot,4.727,10.059,4.641,6.07,56218772.2,434631595.7102,1271927,28850917.984,223271408.7514
2022-02-14T00:00:00Z,2022-02-20T23:59:59Z,INJUSDT,spot,6.059,7.676,5.062,5.64,25911102.9,164484317.5487,586961,13108909.6,83349449.557
2022-02-21T00:00:00Z,2022-02-27T23:59:59Z,INJUSDT,spot,5.65,6.85,4.558,5.206,22499160.1,125435253.3194,478021,11182432.8,62480554.7928
2022-02-28T00:00:00Z,2022-03-06T23:59:59Z,INJUSDT,spot,5.207,6.66,5.143,5.377,15643128.8,91359587.8272,368099,7642775.2,44704303.5081
2022-03-07T00:00:00Z,2022-03-13T23:59:59Z,INJUSDT,spot,5.371,5.988,4.902,4.995,7268200.5,38697859.5957,196825,3539537.8,18902037.7884
2022-03-14T00:00:00Z,2022-03-20T23:59:59Z,INJUSDT,spot,4.994,5.76,4.98,5.317,6216348.6,33121907.7556,158353,2979722.9,15893488.977
2022-03-21T00:00:00Z,2022-03-27T23:59:59Z,INJUSDT,spot,5.324,6.425,5.22,6.108,5897905.2,33996749.852,152561,2783108.2,16084539.5023
2022-03-28T00:00:00Z,2022-04-03T23:59:59Z,INJUSDT,spot,6.113,6.5,5.825,6.324,5452566.6,33777203.0013,145519,2662329.2,16528497.7022
2022-04-04T00:00:00Z,2022-04-10T23:59:59Z,INJUSDT,spot,6.324,7.587,5.85,6.067,8958304.2,58337834.3563,263669,4394252.9,28746830.2237
2022-04-11T00:00:00Z,2022-04-17T23:59:59Z,INJUSDT,spot,6.071,6.12,5.083,5.116,2461343.6,13505603.6557,89795,1150136.7,6300910.2038
2022-04-18T00:00:00Z,2022-04-24T23:59:59Z,INJUSDT,spot,5.118,5.44,4.553,4.572,3580617.8,18056036.5148,107547,1815952,9157642.0474
2022-04-25T00:00:00Z,2022-05-01T23:59:59Z,INJUSDT,spot,4.571,4.945,3.418,3.614,5255984,22100715.3691,125919,2541667,10711218.2668
2022-05-02T00:00:00Z,2022-05-08T23:59:59Z,INJUSDT,spot,3.615,5.3,3.466,3.535,23382976.5,99524160.4663,427189,11811837.9,50355078.7615
2022-05-09T00:00:00Z,2022-05-15T23:59:59Z,INJUSDT,spot,3.535,3.652,1.528,2.213,12219987.6,29530961.209832,147469,5992829.968,14474552.54716
2022-05-16T00:00:00Z,2022-05-22T23:59:59Z,INJUSDT,spot,2.212,2.759,1.953,2.25,10375959.1,24251514.5841,137868,5184383.1,12115544.4482
2022-05-23T00:00:00Z,2022-05-29T23:59:59Z,INJUSDT,spot,2.249,2.55,1.861,2.104,6943478.4,15013049.5372,98854,3348853.6,7249249.4221
2022-05-30T00:00:00Z,2022-06-05T23:59:59Z,INJUSDT,spot,2.102,2.343,1.987,2.017,3466092.4,7445288.4073,55909,1704835.4,3670576.1005
2022-06-06T00:00:00Z,2022-06-12T23:59:59Z,INJUSDT,spot,2.024,2.4,1.545,1.547,15264902.2,30997071.8719,138322,7507773.5,15296767.9789
2022-06-13T00:00:00Z,2022-06-19T23:59:59Z,INJUSDT,spot,1.543,1.807,1.13,1.301,19149099.871,27500928.565609,143145,9170742.1,13180856.3013
2022-06-20T00:00:00Z,2022-06-26T23:59:59Z,INJUSDT,spot,1.301,1.563,1.244,1.355,9302346.2,12966980.1224,70245,4584881.3,6392578.8097
2022-06-27T00:00:00Z,2022-07-03T23:59:59Z,INJUSDT,spot,1.356,1.43,1.162,1.212,8620502.5,10872554.508,71361,4158377.2,5242293.9256
2022-07-04T00:00:00Z,2022-07-10T23:59:59Z,INJUSDT,spot,1.211,1.548,1.18,1.377,19563001.1,26488749.5572,145759,9306420.3,12612183.4666
2022-07-11T00:00:00Z,2022-07-17T23:59:59Z,INJUSDT,spot,1.377,1.379,1.123,1.265,11763906.7,14837580.7526,79554,5749367.9,7249850.0216
2022-07-18T00:00:00Z,2022-07-24T23:59:59Z,INJUSDT,spot,1.268,1.45,1.237,1.356,14428512.7,19701341.1436,93330,6996386.1,9565836.4563
2022-07-25T00:00:00Z,2022-07-31T23:59:59Z,INJUSDT,spot,1.355,1.535,1.207,1.42,16781214.7,23707899.1537,115644,7913139.2,11179443.8202
2022-08-01T00:00:00Z,2022-08-07T23:59:59Z,INJUSDT,spot,1.419,1.72,1.36,1.595,21337432.1,33016418.1741,144723,10283602.4,15946861.4223
2022-08-08T00:00:00Z,2022-08-14T23:59:59Z,INJUSDT,spot,1.595,2.51,1.46,1.827,48163394,95750963.8771,357945,23437749.4,46747924.6894
2022-08-15T00:00:00Z,2022-08-21T23:59:59Z,INJUSDT,spot,1.824,2.193,1.544,1.839,44228500.1,83171971.1208,351636,20920324.3,39367033.8667
2022-08-22T00:00:00Z,2022-08-28T23:59:59Z,INJUSDT,spot,1.84,1.89,1.488,1.501,17917395.5,31379211.3283,123024,8587374.4,15039502.8512
2022-08-29T00:00:00Z,2022-09-04T23:59:59Z,INJUSDT,spot,1.5,1.638,1.463,1.601,10521096.2,16301680.957,80065,5073804.5,7860665.7231
2022-09-05T00:00:00Z,2022-09-11T23:59:59Z,INJUSDT,spot,1.602,2.07,1.433,1.87,33620635.9,56473165.3471,222732,16165160.7,27185811.1088
2022-09-12T00:00:00Z,2022-09-18T23:59:59Z,INJUSDT,spot,1.87,2.059,1.39,1.447,38226406.9,67106176.6448,219808,17908720.7,31463829.7387
2022-09-19T00:00:00Z,2022-09-25T23:59:59Z,INJUSDT,spot,1.448,1.999,1.425,1.798,32077671.9,52195526.6549,194540,15687152.4,25580656.9696
2022-09-26T00:00:00Z,2022-10-02T23:59:59Z,INJUSDT,spot,1.797,1.95,1.551,1.565,28627256.4,49822695.8313,177960,13358161.8,23270711.9804
2022-10-03T00:00:00Z,2022-10-09T23:59:59Z,INJUSDT,spot,1.566,2.06,1.551,1.915,28891498.2,53712694.1609,197981,14375431.2,26752925.0041
2022-10-10T00:00:00Z,2022-10-16T23:59:59Z,INJUSDT,spot,1.915,1.957,1.564,1.904,19272445.2,34602048.2402,134320,9054836.6,16286968.3941
2022-10-17T00:00:00Z,2022-10-23T23:59:59Z,INJUSDT,spot,1.905,2.26,1.761,1.936,25994917.1,51787433.3594,210299,12390651,24697118.4789
2022-10-24T00:00:00Z,2022-10-30T23:59:59Z,INJUSDT,spot,1.936,2.439,1.85,2.194,38700516.3,82109885.0067,268219,18802684.5,39976073.6649
2022-10-31T00:00:00Z,2022-11-06T23:59:59Z,INJUSDT,spot,2.191,3.044,2.145,2.594,67840524.9,177146678.5326,576484,32481272,84884630.0208
2022-11-07T00:00:00Z,2022-11-13T23:59:59Z,INJUSDT,spot,2.593,2.806,1.373,1.812,58335440.8,113271658.9371,540475,28669991.9,55725686.5065
2022-11-14T00:00:00Z,2022-11-20T23:59:59Z,INJUSDT,spot,1.81,1.937,1.567,1.572,16538817.9,28770008.0178,133986,7863422.8,13684580.1298
2022-11-21T00:00:00Z,2022-11-27T23:59:59Z,INJUSDT,spot,1.572,1.86,1.46,1.579,17068659.5,27932189.4225,123509,8063226.5,13217651.8951
2022-11-28T00:00:00Z,2022-12-04T23:59:59Z,INJUSDT,spot,1.579,1.82,1.484,1.631,23989899.6,40207646.2044,163377,11377272.4,19082088.7066
2022-12-05T00:00:00Z,2022-12-11T23:59:59Z,INJUSDT,spot,1.631,1.691,1.556,1.62,9178145.6,15042370.0242,58341,4364942,7157801.0177
2022-12-12T00:00:00Z,2022-12-18T23:59:59Z,INJUSDT,spot,1.62,1.703,1.38,1.409,12068130.2,18772510.9419,80112,5839565.1,9080760.3039
2022-12-19T00:00:00Z,2022-12-25T23:59:59Z,INJUSDT,spot,1.41,1.434,1.289,1.311,5042607.4,6784762.445,34057,2284800.9,3071657.7101
2022-12-26T00:00:00Z,2023-01-01T23:59:59Z,INJUSDT,spot,1.311,1.328,1.223,1.274,4991337.9,6355640.351,28648,2500624.6,3184811.0576
2023-01-02T00:00:00Z,2023-01-08T23:59:59Z,INJUSDT,spot,1.275,1.422,1.25,1.415,5946585.9,7976950.4962,37956,2653395,3562672.5186
2023-01-09T00:00:00Z,2023-01-15T23:59:59Z,INJUSDT,spot,1.415,1.747,1.378,1.653,20932981.5,32219846.9638,139341,10072547.2,15511843.2961
2023-01-16T00:00:00Z,2023-01-22T23:59:59Z,INJUSDT,spot,1.653,2.103,1.459,1.94,37790127.9,66332529.7011,263449,18816327.2,33077343.9636
2023-01-23T00:00:00Z,2023-01-29T23:59:59Z,INJUSDT,spot,1.94,2.802,1.781,2.524,68297762.7,162111661.9655,607276,33733106.4,80103666.0386
2023-01-30T00:00:00Z,2023-02-05T23:59:59Z,INJUSDT,spot,2.525,4.238,2.476,3.603,77425219.5,263814413.0382,962361,38810700.3,132195277.4176
2023-02-06T00:00:00Z,2023-02-12T23:59:59Z,INJUSDT,spot,3.602,4.379,3.003,3.347,44879821,161385894.4165,623061,22588971.3,81243093.4581
2023-02-13T00:00:00Z,2023-02-19T23:59:59Z,INJUSDT,spot,3.346,4.582,3.017,4.162,50296780.6,192512787.9635,643069,24361655.2,93151707.311
2023-02-20T00:00:00Z,2023-02-26T23:59:59Z,INJUSDT,spot,4.16,4.418,3.282,3.779,31262925.1,122040159.9907,435513,15313445,59817672.7492
2023-02-27T00:00:00Z,2023-03-05T23:59:59Z,INJUSDT,spot,3.778,3.884,3.107,3.344,20502963.7,73111349.4757,274662,9812451.4,34976911.4395
2023-03-06T00:00:00Z,2023-03-12T23:59:59Z,INJUSDT,spot,3.343,3.78,2.45,3.696,41747232,125735360.8949,534799,20896787.8,62973345.6449
2023-03-13T00:00:00Z,2023-03-19T23:59:59Z,INJUSDT,spot,3.696,4.998,3.561,4.28,45845042.7,193376620.9996,742339,23039306.6,97172192.343
2023-03-20T00:00:00Z,2023-03-26T23:59:59Z,INJUSDT,spot,4.282,4.5,3.78,4.063,28452067.8,117875218.7016,432769,14118000,58505610.5038
2023-03-27T00:00:00Z,2023-04-02T23:59:59Z,INJUSDT,spot,4.061,5.397,3.631,5.157,36499566.4,165963751.917,614718,18582912,84518280.3547
2023-04-03T00:00:00Z,2023-04-09T23:59:59Z,INJUSDT,spot,5.157,6,4.867,5.701,34777877.1,193067275.6723,697226,17608356.9,97782475.9887
2023-04-10T00:00:00Z,2023-04-16T23:59:59Z,INJUSDT,spot,5.702,9.7,5.584,9.309,52416828.2,395322543.7253,1197449,26583548.3,200562404.114
2023-04-17T00:00:00Z,2023-04-23T23:59:59Z,INJUSDT,spot,9.304,9.97,6.8,6.882,45944262.8,385665811.7312,1029340,22597870.2,189671495.8899
2023-04-24T00:00:00Z,2023-04-30T23:59:59Z,INJUSDT,spot,6.884,9.3,6.43,7.762,56832462.5,460801157.3878,1269349,28358453.7,230171932.8221
2023-05-01T00:00:00Z,2023-05-07T23:59:59Z,INJUSDT,spot,7.765,8.148,7.07,7.294,25015056.4,191517815.7607,559749,12410780.5,95064431.4665
2023-05-08T00:00:00Z,2023-05-14T23:59:59Z,INJUSDT,spot,7.299,7.371,5.584,6.084,25515998.3,159659842.4491,518464,12275422.3,76773708.6592
2023-05-15T00:00:00Z,2023-05-21T23:59:59Z,INJUSDT,spot,6.084,7.545,5.961,6.737,23352599.5,156039132.0012,498613,11492852.3,76796082.6122
2023-05-22T00:00:00Z,2023-05-28T23:59:59Z,INJUSDT,spot,6.738,7.428,6.063,7.086,16971438.9,112674799.2902,378191,8480962.4,56329413.2795
2023-05-29T00:00:00Z,2023-06-04T23:59:59Z,INJUSDT,spot,7.085,8.213,6.923,7.809,24100926.9,182466827.2729,611316,12019124.2,91021724.5919
2023-06-05T00:00:00Z,2023-06-11T23:59:59Z,INJUSDT,spot,7.806,7.855,5.389,5.72,22239530.3,147160100.2982,508801,11139151.2,73740345.5037
2023-06-12T00:00:00Z,2023-06-18T23:59:59Z,INJUSDT,spot,5.723,6.611,5.448,5.977,16688481.2,99732636.6468,411249,8334752.8,49851679.5576
2023-06-19T00:00:00Z,2023-06-25T23:59:59Z,INJUSDT,spot,5.977,7.475,5.873,6.96,15847092.6,109024693.5739,425107,8011244,55092502.6393
2023-06-26T00:00:00Z,2023-07-02T23:59:59Z,INJUSDT,spot,6.961,9,6.8,8.723,19576281.5,153988292.0071,591457,9883752.1,77775332.1951
2023-07-03T00:00:00Z,2023-07-09T23:59:59Z,INJUSDT,spot,8.725,8.99,7.772,8.208,12959966.1,108219316.7035,446575,6568740.7,54925942.6058
2023-07-10T00:00:00Z,2023-07-16T23:59:59Z,INJUSDT,spot,8.21,9.928,7.775,8.872,17010231.8,149574971.9754,541751,8483025,74653355.6271
2023-07-17T00:00:00Z,2023-07-23T23:59:59Z,INJUSDT,spot,8.868,9.731,8.543,8.705,10183999.3,92449834.6095,311824,5206496.9,47275906.0685
2023-07-24T00:00:00Z,2023-07-30T23:59:59Z,INJUSDT,spot,8.705,8.758,7.62,7.893,7677412.3,62007697.5973,195229,3792397.5,30658705.3637
2023-07-31T00:00:00Z,2023-08-06T23:59:59Z,INJUSDT,spot,7.893,8.268,7.525,7.894,6713398.3,53554180.206,172486,3239412.8,25840389.6254
2023-08-07T00:00:00Z,2023-08-13T23:59:59Z,INJUSDT,spot,7.897,8.245,7.553,7.694,5736803.6,45016418.9218,152359,2781759,21841001.7086
2023-08-14T00:00:00Z,2023-08-20T23:59:59Z,INJUSDT,spot,7.689,8.124,6.602,7.727,15828416,117724476.2796,451379,7803713.1,58075166.135
2023-08-21T00:00:00Z,2023-08-27T23:59:59Z,INJUSDT,spot,7.725,7.9,6.868,6.949,7104155.1,52233109.4711,222729,3511094,25829110.6655
2023-08-28T00:00:00Z,2023-09-03T23:59:59Z,INJUSDT,spot,6.948,7.7,6.632,6.814,7646883.5,53816415.4358,249583,3790553.4,26691146.1565
2023-09-04T00:00:00Z,2023-09-10T23:59:59Z,INJUSDT,spot,6.817,7.064,6.384,6.643,4455501.1,30222730.7448,124701,2136844.3,14507176.9785
2023-09-11T00:00:00Z,2023-09-17T23:59:59Z,INJUSDT,spot,6.643,7.465,6.364,7.028,7025385.3,48819728.3102,178987,3503972.4,24378216.831
2023-09-18T00:00:00Z,2023-09-24T23:59:59Z,INJUSDT,spot,7.029,7.585,6.862,6.912,5334418.5,38791130.0122,135424,2647153,19269239.0877
2023-09-25T00:00:00Z,2023-10-01T23:59:59Z,INJUSDT,spot,6.903,8.05,6.821,7.947,5264041.8,38871023.4256,156093,2803408.1,20685212.4501
2023-10-02T00:00:00Z,2023-10-08T23:59:59Z,INJUSDT,spot,7.952,8.051,7.19,7.734,5208276.1,39957725.1801,142063,2512020.5,19280137.1262
2023-10-09T00:00:00Z,2023-10-15T23:59:59Z,INJUSDT,spot,7.733,7.816,7.162,7.807,3762764.2,28060443.1966,104029,1832392.5,13670940.5632
2023-10-16T00:00:00Z,2023-10-22T23:59:59Z,INJUSDT,spot,7.809,9.29,7.581,9.228,9093130.7,76607509.2287,294354,4752004.3,40053137.6111
2023-10-23T00:00:00Z,2023-10-29T23:59:59Z,INJUSDT,spot,9.226,14.275,9.15,13.918,23742236.9,284264354.1368,977400,11868310.9,142008868.6176
2023-10-30T00:00:00Z,2023-11-05T23:59:59Z,INJUSDT,spot,13.92,16.488,12.82,16.119,14033548.8,204190149.3085,802009,6998020.7,101940258.188
2023-11-06T00:00:00Z,2023-11-12T23:59:59Z,INJUSDT,spot,16.114,19.14,14.5,17.289,17734062.436,306462701.628219,1197992,8949215.584,154848614.618131
2023-11-13T00:00:00Z,2023-11-19T23:59:59Z,INJUSDT,spot,17.277,18.5,14.5,16.732,13573784.3,220885854.6719,787612,6790812.6,110489586.6625
2023-11-20T00:00:00Z,2023-11-26T23:59:59Z,INJUSDT,spot,16.753,17.546,14.13,17.076,10922072.8,174132313.7926,723135,5463631.9,87036309.367
2023-11-27T00:00:00Z,2023-12-03T23:59:59Z,INJUSDT,spot,17.079,18.88,15.605,17.435,13117399.1,230026797.6332,882126,6657514.2,116811808.7978
2023-12-04T00:00:00Z,2023-12-10T23:59:59Z,INJUSDT,spot,17.428,21.4,14.99,21.277,16648623.664,302273919.894388,1363855,8593934.215,156287052.480168
2023-12-11T00:00:00Z,2023-12-17T23:59:59Z,INJUSDT,spot,21.278,34.642,18.979,30.643,32742852.809,897092170.444279,3664056,16840204.731,461546276.52813
2023-12-18T00:00:00Z,2023-12-24T23:59:59Z,INJUSDT,spot,30.64,44.86,29.05,40.584,29130628.189,1121857929.775205,4259282,14776044.942,569124157.42131
2023-12-25T00:00:00Z,2023-12-31T23:59:59Z,INJUSDT,spot,40.585,43.7,34.013,35.755,15713208.8,601070467.1873,2331556,7566043.1,289663425.1477
2024-01-01T00:00:00Z,2024-01-07T23:59:59Z,INJUSDT,spot,35.755,41.099,29.21,36.466,16096757.6,599152833.9528,2535309,8042653.7,300009820.4525
2024-01-08T00:00:00Z,2024-01-14T23:59:59Z,INJUSDT,spot,36.458,45.296,33,36.91,19612422.875,777312459.577272,2971921,9922195.175,393994833.504672
2024-01-15T00:00:00Z,2024-01-21T23:59:59Z,INJUSDT,spot,36.907,41.923,33.61,35.95,10603750.4,407653029.827,1404863,5296458,203954525.0979
2024-01-22T00:00:00Z,2024-01-28T23:59:59Z,INJUSDT,spot,35.95,38.655,30.3,36.4,10222647.3,346555104.2818,958442,5064098.7,171860372.702
2024-01-29T00:00:00Z,2024-02-04T23:59:59Z,INJUSDT,spot,36.41,39.45,32.14,32.35,10788194,382999694.7326,966885,4977176.3,176892359.6246
2024-02-05T00:00:00Z,2024-02-11T23:59:59Z,INJUSDT,spot,32.35,36.64,30.97,35.16,9980036.9,337230237.539,803033,4947416.8,167467590.783
2024-02-12T00:00:00Z,2024-02-18T23:59:59Z,INJUSDT,spot,35.17,39.71,33.19,38.88,18182142.2,648453050.1425,1531418,8690231.2,310217266.7685
2024-02-19T00:00:00Z,2024-02-25T23:59:59Z,INJUSDT,spot,38.88,39.99,32,35.82,12133658.9,433776164.7532,1138009,5806382.2,207634855.6032
2024-02-26T00:00:00Z,2024-03-03T23:59:59Z,INJUSDT,spot,35.83,46.49,34.8,40.69,21190369.7,866492423.33346,2341485,10779577,441318252.49296
2024-03-04T00:00:00Z,2024-03-10T23:59:59Z,INJUSDT,spot,40.69,44.93,32,40.11,16818921.2,680779630.889,1965606,8259722.1,335044537.742
2024-03-11T00:00:00Z,2024-03-17T23:59:59Z,INJUSDT,spot,40.12,53,37.81,42.85,24511916.551,1127875372.257312,3078872,12338158.121,568008754.328312
2024-03-18T00:00:00Z,2024-03-24T23:59:59Z,INJUSDT,spot,42.84,42.84,34.03,36.52,12218579.1,455209868.843,1258079,5870714.7,218830817.406
2024-03-25T00:00:00Z,2024-03-31T23:59:59Z,INJUSDT,spot,36.53,41.48,35.64,36.78,8891969.6,339277255.604,851509,4404293.5,168073087.755
2024-04-01T00:00:00Z,2024-04-07T23:59:59Z,INJUSDT,spot,36.79,37.25,30.51,35.23,9691543.2,326706883.007,891109,4746763,160221841.009
2024-04-08T00:00:00Z,2024-04-14T23:59:59Z,INJUSDT,spot,35.24,36.46,18.12,26.03,15748457,431581851.381,1361630,7712207.4,211241512.4809
2024-04-15T00:00:00Z,2024-04-21T23:59:59Z,INJUSDT,spot,26.02,29.85,23.19,28.27,13434809.8,355725770.353,1007935,6758177.8,179165575.88
2024-04-22T00:00:00Z,2024-04-28T23:59:59Z,INJUSDT,spot,28.27,29.46,24.68,25.78,5458273.5,149169996.011,451237,2715488.7,74303639.245
2024-04-29T00:00:00Z,2024-05-05T23:59:59Z,INJUSDT,spot,25.77,26.21,22.02,24.23,6754657.48,161315290.2498,510147,3322061.03,79316387.0382
2024-05-06T00:00:00Z,2024-05-12T23:59:59Z,INJUSDT,spot,24.23,27.02,22.79,23.5,8038958.89,199548312.3273,606399,3996382.47,99282734.8236
2024-05-13T00:00:00Z,2024-05-19T23:59:59Z,INJUSDT,spot,23.5,25.34,21.07,24.15,6035901.74,140689150.8407,448072,3014176.56,70296671.5927
2024-05-20T00:00:00Z,2024-05-26T23:59:59Z,INJUSDT,spot,24.15,28.96,23.74,24.83,6906545.36,183768105.2704,540881,3500253.69,93269473.043
2024-05-27T00:00:00Z,2024-06-02T23:59:59Z,INJUSDT,spot,24.82,27.2,23.85,24.23,5376865.39,137291494.7809,411781,2644581.12,67587654.4928
2024-06-03T00:00:00Z,2024-06-09T23:59:59Z,INJUSDT,spot,24.23,30.99,23.89,27.81,12866265.79,360857433.3269,1046774,6427228.15,180354169.7061
2024-06-10T00:00:00Z,2024-06-16T23:59:59Z,INJUSDT,spot,27.81,32.99,24.42,25.06,16795985.82,479889224.5586,1420572,8320297.45,238002718.8641
2024-06-17T00:00:00Z,2024-06-23T23:59:59Z,INJUSDT,spot,25.06,25.34,18.6,20.26,13283668.4,282323190.0679,904143,6562460.33,139419632.6425
2024-06-24T00:00:00Z,2024-06-30T23:59:59Z,INJUSDT,spot,20.26,24.27,19.46,23.53,7702049.81,173084091.9286,542271,3823999.08,85972238.3998
2024-07-01T00:00:00Z,2024-07-07T23:59:59Z,INJUSDT,spot,23.53,24.1,16.83,18.62,7924926.44,159065150.9766,589648,3885468.14,78037639.6759
2024-07-08T00:00:00Z,2024-07-14T23:59:59Z,INJUSDT,spot,18.63,21.72,17.72,21.64,5530741.97,111465373.5318,480843,2841746.69,57324841.8841
2024-07-15T00:00:00Z,2024-07-21T23:59:59Z,INJUSDT,spot,21.62,28.11,21.52,27.47,8529202.16,216590475.0201,862228,4465887.13,113296173.7616
2024-07-22T00:00:00Z,2024-07-28T23:59:59Z,INJUSDT,spot,27.46,27.55,22.85,24.22,6880391.32,171550363.6188,589422,3539085.94,88348657.1263
2024-07-29T00:00:00Z,2024-08-04T23:59:59Z,INJUSDT,spot,24.22,26.09,16.74,17.65,7487203.31,157584018.7702,599989,3492895.79,73727543.6704
2024-08-05T00:00:00Z,2024-08-11T23:59:59Z,INJUSDT,spot,17.65,19.41,13.51,17.66,12433051.51,203389404.3494,900498,6087349.92,99607765.6577
2024-08-12T00:00:00Z,2024-08-18T23:59:59Z,INJUSDT,spot,17.66,19.93,17.28,17.85,6178268.95,114582462.9071,553142,3081468.83,57196298.9669
2024-08-19T00:00:00Z,2024-08-25T23:59:59Z,INJUSDT,spot,17.85,22.98,17.51,22.37,5842313.45,118335495.7009,797154,2984757.47,60546532.6353
2024-08-26T00:00:00Z,2024-09-01T23:59:59Z,INJUSDT,spot,22.38,22.76,16.24,16.43,6375841.35,120198792.7391,1015145,3074341.55,57974373.708
2024-09-02T00:00:00Z,2024-09-08T23:59:59Z,INJUSDT,spot,16.42,17.64,15.01,16.25,6494460.72,108058078.6197,704790,3272268.26,54463703.3122
2024-09-09T00:00:00Z,2024-09-15T23:59:59Z,INJUSDT,spot,16.25,20.2,16.03,18.66,7539805.78,140021751.6103,694380,3737897.09,69472327.3835
2024-09-16T00:00:00Z,2024-09-22T23:59:59Z,INJUSDT,spot,18.66,21.92,17.72,21.69,7285386.52,145397224.5071,500517,3633144.4,72631671.5227
2024-09-23T00:00:00Z,2024-09-29T23:59:59Z,INJUSDT,spot,21.7,23.99,21.09,23.24,8859592.8,199968985.3896,789559,4520793.79,102067618.5044
2024-09-30T00:00:00Z,2024-10-06T23:59:59Z,INJUSDT,spot,23.25,24.91,18.52,20.76,8443599.67,178966712.9525,687405,4203227.34,89285680.49
2024-10-07T00:00:00Z,2024-10-13T23:59:59Z,INJUSDT,spot,20.77,21.75,18.54,20.33,5814812.44,116726543.9189,400095,2748449.74,55220248.2063
2024-10-14T00:00:00Z,2024-10-20T23:59:59Z,INJUSDT,spot,20.32,21.46,20.04,21.3,482350.65,10117597.1032,33141,284556.39,5978308.4316
